Rk,Player,Age,Pos,Tm,GP,G,A,PTS,+/-,PIM,PS,EV,PP,SH,GW,EV,PP,SH,S,S%,TOI,ATOI,BLK,HIT,FOW,FOL,FO%
1,Connor McDavid\mcdavco01,20,C,EDM,82,30,70,100,27,26,12.8,26,3,1,6,45,24,1,251,12.0,1733,21:08,29,34,348,458,43.2
2,Sidney Crosby\crosbsi01,29,C,PIT,75,44,45,89,17,24,12.3,30,14,0,5,34,11,0,255,17.3,1491,19:53,27,80,842,906,48.2
3,Patrick Kane\kanepa01,28,RW,CHI,82,34,55,89,11,32,10.8,27,7,0,5,39,16,0,292,11.6,1754,21:24,15,28,7,44,13.7
4,Nicklas Backstrom\backsni02,29,C,WSH,82,23,63,86,17,38,9.9,15,8,0,5,36,27,0,162,14.2,1497,18:16,33,45,685,648,51.4
5,Nikita Kucherov\kucheni01,23,RW,TBL,74,40,45,85,13,38,12.0,23,17,0,7,30,15,0,246,16.3,1438,19:26,20,30,0,0,
6,Brad Marchand\marchbr03,28,LW,BOS,80,39,46,85,18,81,12.6,27,9,3,8,29,15,2,226,17.3,1555,19:26,35,51,13,23,36.1
7,Mark Scheifele\scheima01,23,C,WPG,79,32,50,82,18,38,10.3,25,7,0,5,40,8,2,160,20.0,1624,20:34,34,49,635,826,43.5
8,Leon Draisaitl\draisle01,21,C,EDM,82,29,48,77,7,20,9.6,19,10,0,5,31,17,0,172,16.9,1548,18:53,36,41,476,496,49.0
9,Brent Burns\burnsbr01,31,D,SJS,82,29,47,76,19,40,15.3,21,8,0,6,29,17,1,320,9.1,2039,24:52,142,69,0,0,
10,Vladimir Tarasenko\tarasvl01,25,RW,STL,82,39,36,75,-1,12,10.2,30,9,0,8,23,13,0,286,13.6,1515,18:28,31,50,5,5,50.0
11,Artemi Panarin\panarar01,25,LW,CHI,82,31,43,74,18,21,9.4,22,9,0,5,35,8,0,211,14.7,1597,19:28,14,23,2,8,20.0
12,Blake Wheeler\wheelbl01,30,RW,WPG,82,26,48,74,6,47,8.2,19,5,2,4,31,16,1,259,10.0,1652,20:09,51,100,43,51,45.7
13,Ryan Getzlaf\getzlry01,31,C,ANA,74,15,58,73,7,49,7.6,7,6,2,3,43,14,1,138,10.9,1559,21:04,88,99,509,503,50.3
14,Evgeni Malkin\malkiev01,30,C,PIT,62,33,39,72,18,77,9.9,22,11,0,6,27,12,0,191,17.3,1154,18:37,25,40,365,481,43.1
15,Tyler Seguin\seguity01,25,C,DAL,82,26,46,72,-15,22,7.5,15,11,0,4,28,18,0,301,8.6,1514,18:28,26,60,401,385,51.0
16,Victor Hedman\hedmavi01,26,D,TBL,79,16,56,72,3,47,12.0,12,4,0,5,27,29,0,166,9.6,1936,24:30,132,93,0,0,
17,Erik Karlsson\karlser01,26,D,OTT,77,17,54,71,10,28,12.9,13,4,0,5,29,23,2,218,7.8,2066,26:50,201,67,0,0,
18,David Pastrnak\pastrda01,20,RW,BOS,75,34,36,70,11,34,10.3,24,10,0,6,22,14,0,262,13.0,1349,17:59,32,72,2,1,66.7
19,Phil Kessel\kesseph01,29,RW,PIT,82,23,47,70,3,20,7.3,15,8,0,4,25,22,0,229,10.0,1471,17:56,15,12,5,10,33.3
20,Auston Matthews\matthau01,19,C,TOR,82,40,29,69,2,14,9.7,32,8,0,8,16,13,0,279,14.3,1446,17:38,61,21,530,600,46.9
21,Alex Ovechkin\ovechal01,31,LW,WSH,82,33,36,69,6,50,8.7,16,17,0,7,27,9,0,313,10.5,1506,18:22,29,216,0,1,0.0
22,Jamie Benn\bennja01,27,LW,DAL,77,26,43,69,-9,66,7.5,13,12,1,4,29,14,0,201,12.9,1492,19:22,47,89,212,200,51.5
23,Mikael Granlund\granlmi01,24,C,MIN,81,26,43,69,23,12,8.5,16,7,3,4,29,13,1,177,14.7,1525,18:49,50,50,16,17,48.5
24,Joe Pavelski\paveljo01,32,C,SJS,81,29,39,68,11,34,8.7,21,7,1,7,24,15,0,233,12.4,1549,19:07,73,130,448,407,52.4
25,Henrik Zetterberg\zettehe01,36,LW,DET,82,17,51,68,15,22,7.6,15,2,0,0,40,11,0,195,8.7,1617,19:43,30,58,705,657,51.8
26,Max Pacioretty\pacioma01,28,LW,MTL,81,35,32,67,15,38,9.3,26,8,1,7,26,5,1,268,13.1,1553,19:11,35,63,27,23,54.0
27,Jeff Carter\carteje01,32,C,LAK,82,32,34,66,2,41,9.0,21,10,1,9,22,12,0,250,12.8,1479,18:02,37,86,735,680,51.9
28,John Tavares\tavarjo01,26,C,NYI,77,28,38,66,4,38,7.8,20,7,1,3,26,11,1,260,10.8,1572,20:25,20,42,824,804,50.6
29,Eric Staal\staaler01,32,C,MIN,82,28,37,65,17,34,8.0,23,4,1,8,24,12,1,211,13.3,1526,18:36,39,42,577,597,49.1
30,Patrik Laine\lainepa01,18,RW,WPG,73,36,28,64,7,26,8.9,27,9,0,5,23,5,0,204,17.6,1308,17:55,33,80,0,3,0.0
31,Nikolaj Ehlers\ehlerni01,20,LW,WPG,82,25,39,64,1,38,7.2,20,5,0,4,32,7,0,204,12.3,1434,17:29,28,43,0,4,0.0
32,Jeff Skinner\skinnje01,24,LW,CAR,79,37,26,63,-3,28,8.8,30,7,0,4,18,8,0,281,13.2,1401,17:44,28,33,10,17,37.0
33,Cam Atkinson\atkinca01,27,RW,CBJ,82,35,27,62,13,22,8.9,22,10,3,9,16,11,0,240,14.6,1483,18:05,34,33,2,1,66.7
34,James van Riemsdyk\vanrija01,27,LW,TOR,82,29,33,62,-2,37,7.7,23,6,0,5,20,13,0,238,12.2,1303,15:53,29,62,1,4,20.0
35,Nazem Kadri\kadrina01,26,C,TOR,82,32,29,61,-7,95,7.6,20,12,0,6,24,5,0,236,13.6,1360,16:35,31,124,543,587,48.1
36,Viktor Arvidsson\arvidvi01,23,LW,NSH,80,31,30,61,16,28,8.7,22,4,5,6,23,5,2,246,12.6,1372,17:09,45,23,4,12,25.0
37,Mike Hoffman\hoffmmi02,27,LW,OTT,74,26,35,61,17,51,8.3,13,13,0,8,22,13,0,224,11.6,1302,17:36,21,41,12,9,57.1
38,William Nylander\nylanwi01,20,C,TOR,81,22,39,61,-3,32,6.8,13,9,0,2,22,17,0,205,10.7,1297,16:01,16,25,49,73,40.2
39,Jakub Voracek\voracja01,27,RW,PHI,82,20,41,61,-24,56,5.6,15,5,0,3,23,18,0,253,7.9,1565,19:05,22,30,3,11,21.4
40,Mitch Marner\marnemi01,19,C,TOR,77,19,42,61,0,38,6.6,15,4,0,5,25,17,0,176,10.8,1294,16:49,39,41,14,23,37.8
41,Johnny Gaudreau\gaudrjo01,23,LW,CGY,72,18,43,61,-7,4,6.1,14,4,0,3,31,12,0,182,9.9,1331,18:29,14,9,0,0,
42,Ryan Johansen\johanry01,24,C,NSH,82,14,47,61,1,60,5.8,9,4,1,3,28,19,0,154,9.1,1545,18:50,28,77,803,669,54.6
43,Evgeny Kuznetsov\kuzneev01,24,C,WSH,82,19,40,59,18,46,6.7,16,3,0,4,29,11,0,170,11.2,1390,16:57,18,57,456,581,44.0
44,Mats Zuccarello\zuccama01,29,RW,NYR,80,15,44,59,15,26,6.0,10,5,0,3,35,9,0,189,7.9,1506,18:50,52,85,6,7,46.2
45,Alexander Wennberg\wennbal01,22,C,CBJ,80,13,46,59,9,21,5.9,11,2,0,5,25,21,0,109,11.9,1470,18:23,56,58,609,676,47.4
46,Filip Forsberg\forsbfi01,22,LW,NSH,82,31,27,58,-4,32,7.2,25,3,3,9,21,6,0,234,13.2,1518,18:31,26,97,5,13,27.8
47,Sean Monahan\monahse01,22,C,CGY,82,27,31,58,-1,20,6.9,18,8,1,4,22,9,0,199,13.6,1441,17:35,25,34,743,701,51.5
48,Marcus Johansson\johanma03,26,LW,WSH,82,24,34,58,25,10,7.5,19,5,0,5,20,14,0,129,18.6,1394,17:00,22,32,13,15,46.4
49,Ryan Kesler\keslery01,32,C,ANA,82,22,36,58,8,83,6.5,14,8,0,2,24,12,0,186,11.8,1747,21:18,75,146,1029,764,57.4
50,Jonathan Toews\toewsjo01,28,C,CHI,72,21,37,58,7,35,6.3,15,6,0,5,26,11,0,199,10.6,1451,20:09,32,43,852,700,54.9
51,Mikko Koivu\koivumi01,33,C,MIN,80,18,40,58,27,34,6.6,16,2,0,4,20,18,2,139,12.9,1529,19:07,65,32,938,761,55.2
52,Claude Giroux\giroucl01,29,C,PHI,82,14,44,58,-15,38,4.9,9,5,0,3,17,26,1,199,7.0,1568,19:07,28,68,977,771,55.9
53,Nino Niederreiter\niedeni01,24,RW,MIN,82,25,32,57,17,53,7.4,17,8,0,3,26,6,0,186,13.4,1236,15:04,20,120,0,1,0.0
54,Jack Eichel\eicheja01,20,C,BUF,61,24,33,57,-13,22,6.6,14,10,0,4,19,14,0,249,9.6,1215,19:55,35,26,310,486,38.9
55,T.J. Oshie\oshietj01,30,RW,WSH,68,33,23,56,28,36,8.7,25,7,1,4,15,6,2,143,23.1,1214,17:51,50,95,87,93,48.3
56,J.T. Miller\millejt01,23,LW,NYR,82,22,34,56,17,21,6.8,17,2,3,6,28,5,1,132,16.7,1342,16:22,56,101,157,200,44.0
57,Charlie Coyle\coylech01,24,C,MIN,82,18,38,56,13,36,6.1,14,4,0,5,33,5,0,159,11.3,1370,16:42,63,101,114,134,46.0
58,Josh Bailey\bailejo01,27,RW,NYI,82,13,43,56,5,12,5.2,10,3,0,1,34,9,0,173,7.5,1506,18:22,53,37,8,7,53.3
59,Kevin Shattenkirk\shattke01,28,D,TOT,80,13,43,56,-7,47,8.5,5,8,0,2,24,19,0,161,8.1,1595,19:56,95,88,0,0,
60,Kyle Turris\turriky01,27,C,OTT,78,27,28,55,-3,47,6.5,21,6,0,6,17,11,0,185,14.6,1521,19:30,61,21,650,575,53.1
61,Brayden Schenn\schenbr01,25,C,PHI,79,25,30,55,-13,38,6.2,8,17,0,7,19,11,0,178,14.0,1407,17:48,42,189,232,262,47.0
62,Ryan O'Reilly\oreilry01,25,C,BUF,72,20,35,55,-1,10,6.0,11,8,1,3,18,16,1,189,10.6,1545,21:28,45,21,1039,752,58.0
63,Radim Vrbata\vrbatra01,35,RW,ARI,81,20,35,55,-18,16,5.3,16,4,0,4,24,11,0,233,8.6,1369,16:54,31,48,17,30,36.2
64,Jaden Schwartz\schwaja01,24,LW,STL,78,19,36,55,14,18,6.4,16,3,0,4,30,6,0,179,10.6,1475,18:54,43,71,67,73,47.9
65,Tyler Bozak\bozakty01,30,C,TOR,78,18,37,55,-1,30,5.8,11,7,0,1,26,11,0,145,12.4,1282,16:26,26,45,774,591,56.7
66,Derek Stepan\stepade01,26,C,NYR,81,17,38,55,19,16,5.9,12,4,1,2,24,14,0,209,8.1,1507,18:37,45,26,716,806,47.0
67,Wayne Simmonds\simmowa01,28,RW,PHI,82,31,23,54,-18,122,6.3,13,16,2,4,14,9,0,224,13.8,1556,18:58,60,162,8,9,47.1
68,David Krejci\krejcda01,30,C,BOS,82,23,31,54,-12,26,6.0,15,8,0,3,25,6,0,158,14.6,1498,18:16,51,40,657,620,51.4
69,Vincent Trocheck\trochvi01,23,C,FLA,82,23,31,54,-13,43,5.5,21,2,0,2,20,10,1,230,10.0,1708,20:50,51,164,835,829,50.2
70,Mark Stone\stonema01,24,RW,OTT,71,22,32,54,12,25,6.8,16,6,0,5,24,8,0,134,16.4,1318,18:34,53,43,10,15,40.0
71,Alexander Radulov\radulal01,30,RW,MTL,76,18,36,54,10,62,6.1,12,6,0,2,26,10,0,147,12.2,1390,18:17,41,76,6,6,50.0
72,Chris Kreider\kreidch01,25,LW,NYR,75,28,25,53,6,58,6.8,22,6,0,4,18,7,0,186,15.1,1275,17:00,30,132,5,4,55.6
73,Kyle Palmieri\palmiky01,25,RW,NJD,80,26,27,53,2,46,7.1,17,8,1,3,16,11,0,192,13.5,1388,17:21,36,124,12,17,41.4
74,Brandon Saad\saadbr01,24,LW,CBJ,82,24,29,53,23,8,7.2,23,1,0,4,27,2,0,210,11.4,1396,17:02,26,24,4,5,44.4
75,Conor Sheary\shearco01,24,LW,PIT,61,23,30,53,24,22,7.3,21,2,0,6,27,3,0,154,14.9,972,15:56,23,29,0,0,
76,Mikael Backlund\backlmi01,27,C,CGY,81,22,31,53,9,36,6.2,15,7,0,7,19,9,3,197,11.2,1426,17:36,41,55,711,768,48.1
77,Patrice Bergeron\bergepa01,31,C,BOS,79,21,32,53,12,24,6.6,13,8,0,7,20,9,3,302,7.0,1534,19:25,47,54,1086,722,60.1
78,Jonathan Drouin\drouijo01,21,LW,TBL,73,21,32,53,-13,16,5.5,12,9,0,6,15,17,0,183,11.5,1293,17:42,16,50,96,124,43.6
79,Taylor Hall\hallta02,25,LW,NJD,72,20,33,53,-9,32,5.9,13,7,0,4,25,8,0,238,8.4,1392,19:20,31,59,8,10,44.4
80,Corey Perry\perryco01,31,RW,ANA,82,19,34,53,2,76,5.8,14,5,0,3,19,15,0,215,8.8,1453,17:43,35,81,7,13,35.0
81,Nathan MacKinnon\mackina01,21,C,COL,82,16,37,53,-14,16,4.8,12,2,2,4,25,12,0,251,6.4,1635,19:57,30,56,768,752,50.5
82,Duncan Keith\keithdu01,33,D,CHI,80,6,47,53,22,16,9.5,4,2,0,2,34,13,0,183,3.3,2049,25:37,107,24,0,0,
83,Anders Lee\leean01,26,LW,NYI,81,34,18,52,9,56,7.7,25,9,0,6,13,5,0,191,17.8,1263,15:35,34,172,7,11,38.9
84,Logan Couture\coutulo01,27,C,SJS,73,25,27,52,11,12,6.9,14,11,0,3,22,4,1,174,14.4,1285,17:36,65,57,297,453,39.6
85,Aleksander Barkov\barkoal01,21,C,FLA,61,21,31,52,13,10,6.9,18,3,0,5,20,11,0,142,14.8,1184,19:24,30,39,476,547,46.5
86,Bo Horvat\horvabo01,21,C,VAN,81,20,32,52,-7,27,5.7,15,3,2,1,25,7,0,158,12.7,1461,18:02,41,65,756,742,50.5
87,Ondrej Palat\palaton01,25,LW,TBL,75,17,35,52,8,39,5.6,12,5,0,3,25,10,0,162,10.5,1434,19:07,66,141,9,25,26.5
88,Dustin Byfuglien\byfugdu01,31,D,WPG,80,13,39,52,10,117,8.5,12,1,0,1,24,13,2,241,5.4,2196,27:27,124,183,0,0,
89,Anze Kopitar\kopitan01,29,C,LAK,76,12,40,52,-10,28,4.6,7,5,0,0,25,14,1,150,8.0,1578,20:46,59,78,892,801,52.7
90,Rickard Rakell\rakelri01,23,C,ANA,71,33,18,51,10,12,7.8,28,5,0,10,11,7,0,177,18.6,1234,17:23,32,81,62,85,42.2
91,Patrick Eaves\eavespa01,32,RW,TOT,79,32,19,51,-2,24,6.9,19,13,0,2,14,5,0,209,15.3,1296,16:25,43,89,2,2,50.0
92,Jon Marchessault\audymjo01,26,C,FLA,75,30,21,51,-21,38,6.2,22,8,0,6,11,10,0,193,15.5,1268,16:55,17,105,122,148,45.2
93,Nick Foligno\foligni01,29,LW,CBJ,79,26,25,51,-4,55,5.9,15,11,0,5,15,10,0,185,14.1,1456,18:26,50,157,41,48,46.1
94,Jordan Eberle\eberljo01,26,RW,EDM,82,20,31,51,3,16,5.7,16,4,0,0,21,10,0,208,9.6,1375,16:46,37,26,10,10,50.0
95,Alex Steen\steenal01,32,LW,STL,76,16,35,51,-2,53,5.0,13,3,0,2,22,13,0,117,13.7,1467,19:18,69,33,101,146,40.9
96,Justin Schultz\schulju01,26,D,PIT,78,12,39,51,27,34,9.2,9,3,0,1,22,17,0,154,7.8,1595,20:27,116,67,0,0,
97,Torey Krug\krugto01,25,D,BOS,81,8,43,51,-10,37,7.9,2,6,0,1,24,19,0,208,3.8,1750,21:36,82,59,0,1,0.0
98,Milan Lucic\lucicmi01,28,LW,EDM,82,23,27,50,-3,50,5.7,11,12,0,3,14,13,0,175,13.1,1407,17:10,20,202,4,3,57.1
99,Sam Gagner\gagnesa01,27,C,CBJ,81,18,32,50,10,22,6.1,10,8,0,1,22,10,0,178,10.1,1111,13:43,16,22,202,223,47.5
100,Henrik Sedin\sedinhe01,36,C,VAN,82,15,35,50,-27,28,3.9,14,1,0,4,21,14,0,99,15.2,1561,19:02,11,15,611,635,49.0
101,Jason Spezza\spezzja01,33,C,DAL,68,15,35,50,-18,29,4.5,12,2,1,4,18,17,0,149,10.1,1100,16:10,31,13,354,324,52.2
102,Dougie Hamilton\hamildo01,23,D,CGY,81,13,37,50,12,64,9.5,11,2,0,5,24,12,1,222,5.9,1594,19:41,94,68,0,0,
103,Joe Thornton\thornjo01,37,C,SJS,79,7,43,50,7,51,4.3,6,1,0,0,25,18,0,81,8.6,1427,18:04,31,52,374,362,50.8
104,Sebastian Aho\ahose01,19,RW,CAR,82,24,25,49,-1,26,5.9,17,6,1,4,13,11,1,214,11.2,1377,16:47,14,51,17,18,48.6
105,Jakob Silfverberg\silfvja01,26,RW,ANA,79,23,26,49,10,20,6.1,17,5,1,5,22,4,0,227,10.1,1460,18:29,46,47,1,6,14.3
106,Kevin Hayes\hayeske01,24,RW,NYR,76,17,32,49,10,18,5.3,15,1,1,4,20,6,6,143,11.9,1258,16:34,30,40,442,526,45.7
107,John Klingberg\klingjo01,24,D,DAL,80,13,36,49,2,34,8.1,9,4,0,3,23,13,0,124,10.5,1868,23:21,117,42,1,0,100.0
108,Roman Josi\josiro01,26,D,NSH,72,12,37,49,7,18,8.7,5,7,0,1,25,11,1,217,5.5,1805,25:04,119,54,0,0,
109,Justin Williams\williju01,35,RW,WSH,80,24,24,48,14,50,6.2,19,5,0,4,19,5,0,167,14.4,1238,15:29,41,28,64,53,54.7
110,Thomas Vanek\vanekth01,33,LW,TOT,68,17,31,48,-5,22,5.5,12,5,0,2,23,8,0,133,12.8,979,14:24,5,29,6,9,40.0
111,Alex Pietrangelo\pietral01,27,D,STL,80,14,34,48,3,24,9.2,8,6,0,4,21,13,0,181,7.7,2023,25:17,158,38,0,1,0.0
112,Matthew Tkachuk\tkachma01,19,LW,CGY,76,13,35,48,14,105,5.4,10,3,0,2,25,10,0,142,9.2,1114,14:40,22,65,8,15,34.8
113,Gustav Nyquist\nyquigu01,27,RW,DET,76,12,36,48,0,18,4.7,10,2,0,2,29,7,0,165,7.3,1325,17:26,20,54,4,1,80.0
114,Jason Zucker\zuckeja01,25,LW,MIN,79,22,25,47,34,30,6.7,21,1,0,3,25,0,0,172,12.8,1208,15:17,42,73,1,4,20.0
115,Bryan Little\littlbr01,29,C,WPG,59,21,26,47,-7,18,5.3,15,6,0,3,20,6,0,119,17.6,1036,17:33,23,35,610,487,55.6
116,Sam Reinhart\reinhsa01,21,C,BUF,79,17,30,47,-11,8,4.6,8,9,0,3,22,8,0,178,9.6,1360,17:13,40,21,86,124,41.0
117,Jason Pominville\pominja01,34,RW,MIN,78,13,34,47,2,4,4.6,13,0,0,2,27,7,0,176,7.4,1110,14:14,39,44,39,39,50.0
118,Zach Werenski\werenza01,19,D,CBJ,78,11,36,47,17,14,9.1,7,4,0,1,19,17,0,188,5.9,1631,20:55,90,41,0,0,
119,Patrick Marleau\marlepa01,37,LW,SJS,82,27,19,46,4,28,6.0,20,7,0,6,10,9,0,190,14.2,1407,17:09,32,82,115,99,53.7
120,Tomas Tatar\tatarto01,26,LW,DET,82,25,21,46,-8,26,5.4,20,5,0,5,18,3,0,166,15.1,1417,17:17,24,92,8,5,61.5
121,David Perron\perroda01,28,LW,STL,82,18,28,46,-2,54,4.7,14,3,1,3,18,10,0,151,11.9,1418,17:18,28,87,32,34,48.5
122,Jaromir Jagr\jagrja01,44,RW,FLA,82,16,30,46,2,56,4.9,8,8,0,2,25,5,0,181,8.8,1394,17:00,4,21,1,1,50.0
123,Nick Leddy\leddyni01,25,D,NYI,81,11,35,46,-3,12,7.0,8,3,0,1,23,12,0,137,8.0,1840,22:43,109,77,0,0,
124,Marian Hossa\hossama01,38,RW,CHI,73,26,19,45,7,8,5.8,20,5,1,7,13,6,0,167,15.6,1231,16:51,36,32,5,9,35.7
125,Artem Anisimov\anisiar01,28,C,CHI,64,22,23,45,9,30,5.6,18,4,0,7,19,4,0,105,21.0,1142,17:51,27,18,416,506,45.1
126,Brock Nelson\nelsobr01,25,LW,NYI,81,20,25,45,-6,36,4.7,19,1,0,4,19,5,1,173,11.6,1268,15:39,48,50,346,445,43.7
127,Tyler Johnson\johnsty01,26,C,TBL,66,19,26,45,-5,28,4.8,13,6,0,3,15,11,0,130,14.6,1242,18:49,30,46,583,539,52.0
128,Kyle Okposo\okposky01,28,RW,BUF,65,19,26,45,-7,24,5.0,12,7,0,2,10,16,0,156,12.2,1233,18:58,25,53,54,45,54.5
129,Victor Rask\raskvi01,23,C,CAR,82,16,29,45,-10,16,4.2,12,4,0,3,22,6,1,186,8.6,1418,17:18,33,43,457,461,49.8
130,Jordan Staal\staaljo01,28,C,CAR,75,16,29,45,-1,38,4.6,11,4,1,3,25,4,0,164,9.8,1400,18:40,29,139,688,477,59.1
131,Travis Zajac\zajactr01,31,C,NJD,80,14,31,45,-8,33,4.2,7,6,1,1,24,6,1,126,11.1,1578,19:44,26,81,880,733,54.6
132,Mathieu Perreault\perrema01,29,C,WPG,65,13,32,45,-11,30,4.0,10,3,0,3,20,12,0,134,9.7,1059,16:17,26,97,97,92,51.3
133,Elias Lindholm\lindhel01,22,C,CAR,72,11,34,45,-2,16,4.1,8,2,1,0,21,9,4,151,7.3,1309,18:11,43,99,353,282,55.6
134,Rasmus Ristolainen\ristora01,22,D,BUF,79,6,39,45,-9,58,7.6,5,1,0,2,14,24,1,186,3.2,2091,26:28,161,195,0,0,
135,Tanner Pearson\pearsta01,24,LW,LAK,80,24,20,44,5,13,6.0,20,3,1,5,14,5,1,187,12.8,1306,16:19,31,124,10,14,41.7
136,Richard Panik\panikri01,25,RW,CHI,82,22,22,44,14,58,5.6,18,4,0,5,17,5,0,155,14.2,1208,14:44,45,147,2,5,28.6
137,Patric Hornqvist\hornqpa01,30,RW,PIT,70,21,23,44,16,28,5.5,11,10,0,6,16,7,0,223,9.4,1117,15:57,62,227,3,8,27.3
138,Michael Frolik\frolimi01,28,RW,CGY,82,17,27,44,13,58,4.9,12,3,2,1,21,5,1,202,8.4,1401,17:05,48,60,13,16,44.8
139,Alex Galchenyuk\galchal01,22,C,MTL,61,17,27,44,-5,24,4.9,11,6,0,6,18,9,0,104,16.3,972,15:56,32,36,274,368,42.7
140,Daniel Sedin\sedinda01,36,LW,VAN,82,15,29,44,-16,32,3.8,9,6,0,3,21,8,0,216,6.9,1508,18:23,18,20,3,3,50.0
141,Drew Doughty\doughdr01,27,D,LAK,82,12,32,44,8,46,10.5,7,5,0,1,17,14,1,181,6.6,2226,27:09,109,129,1,0,100.0
142,Evander Kane\kaneev01,25,LW,BUF,70,28,15,43,-17,113,5.1,25,3,0,5,10,5,0,260,10.8,1344,19:12,29,109,55,67,45.1
143,Paul Byron\byronpa01,27,LW,MTL,81,22,21,43,21,29,6.0,21,0,1,6,17,4,0,96,22.9,1220,15:04,34,119,10,5,66.7
144,Ryan Nugent-Hopkins\nugenry01,23,C,EDM,82,18,25,43,-10,29,4.0,13,5,0,4,19,6,0,200,9.0,1451,17:42,35,47,556,712,43.8
145,Jake Gardiner\gardija01,26,D,TOR,82,9,34,43,24,34,8.7,7,2,0,2,23,11,0,127,7.1,1766,21:32,83,69,0,0,
146,Patrick Maroon\maroopa01,28,LW,EDM,81,27,15,42,13,95,6.0,24,3,0,5,12,3,0,178,15.2,1356,16:44,23,189,6,9,40.0
147,Zach Parise\parisza01,32,LW,MIN,69,19,23,42,-3,30,4.3,13,6,0,4,17,6,0,194,9.8,1203,17:26,69,46,8,5,61.5
148,Mike Fisher\fishemi01,36,C,NSH,72,18,24,42,1,55,4.7,11,7,0,3,14,10,0,120,15.0,1196,16:37,64,160,703,577,54.9
149,Shea Weber\webersh01,31,D,MTL,78,17,25,42,20,38,10.1,5,12,0,4,13,10,2,183,9.3,1955,25:04,157,140,0,0,
150,Teuvo Teravainen\teravte01,22,LW,CAR,81,15,27,42,-6,16,4.1,10,5,0,2,17,10,0,169,8.9,1315,16:14,33,27,193,220,46.7
151,Valtteri Filppula\filppva01,32,C,TOT,79,12,30,42,-1,26,3.7,12,0,0,1,23,7,0,97,12.4,1375,17:24,39,26,556,606,47.8
152,Seth Jones\jonesse01,22,D,CBJ,75,12,30,42,6,24,7.8,11,1,0,3,24,6,0,152,7.9,1755,23:24,118,61,0,0,
153,Ryan McDonagh\mcdonry01,27,D,NYR,77,6,36,42,20,37,7.8,4,1,1,1,22,14,0,153,3.9,1876,24:21,160,80,0,0,
154,James Neal\nealja01,29,RW,NSH,70,23,18,41,-10,35,4.6,18,5,0,5,10,8,0,202,11.4,1239,17:42,18,84,3,3,50.0
155,Matt Duchene\duchema01,26,C,COL,77,18,23,41,-34,12,3.1,14,3,1,3,17,6,0,160,11.3,1409,18:18,41,42,687,411,62.6
156,Frans Nielsen\nielsfr01,32,C,DET,79,17,24,41,-19,18,3.6,11,4,2,0,13,11,0,162,10.5,1355,17:09,54,64,653,561,53.8
157,Brandon Dubinsky\dubinbr01,30,C,CBJ,80,12,29,41,16,91,4.1,10,1,1,5,26,3,0,115,10.4,1432,17:54,60,248,770,718,51.7
158,Keith Yandle\yandlke01,30,D,FLA,82,5,36,41,-6,39,6.9,3,2,0,0,19,16,1,178,2.8,1807,22:02,76,28,0,0,
159,Michael Grabner\grabnmi01,29,RW,NYR,76,27,13,40,22,10,6.3,26,0,1,3,11,0,2,162,16.7,1071,14:06,34,41,7,6,53.8
160,Adam Henrique\henriad01,26,C,NJD,82,20,20,40,-20,38,3.9,12,6,2,2,15,4,1,142,14.1,1490,18:10,67,87,585,628,48.2
161,Brayden Point\pointbr01,20,C,TBL,68,18,22,40,4,14,4.7,13,5,0,2,15,7,0,122,14.8,1165,17:08,31,39,238,294,44.7
162,Paul Stastny\stastpa01,31,C,STL,66,18,22,40,4,36,4.5,13,5,0,5,14,8,0,112,16.1,1263,19:08,35,51,786,624,55.7
163,Lee Stempniak\stemple01,33,RW,CAR,82,16,24,40,2,32,4.3,14,2,0,2,20,4,0,131,12.2,1299,15:51,16,113,3,5,37.5
164,Phillip Danault\danauph01,23,LW,MTL,82,13,27,40,5,35,3.9,13,0,0,3,24,2,1,133,9.8,1278,15:35,52,76,533,498,51.7
165,P.K. Subban\subbapk01,27,D,NSH,66,10,30,40,-8,44,6.1,7,3,0,2,16,13,1,142,7.0,1611,24:24,104,78,0,0,
166,Ryan Suter\suterry01,32,D,MIN,82,9,31,40,34,36,9.3,4,4,1,1,22,8,1,164,5.5,2208,26:55,105,72,0,0,
167,Martin Hanzal\hanzama01,29,C,TOT,71,20,19,39,-17,53,3.7,15,5,0,2,15,4,0,169,11.8,1258,17:43,58,145,767,593,56.4
168,Derick Brassard\brassde01,29,C,OTT,81,14,25,39,12,24,4.1,11,3,0,3,21,4,0,195,7.2,1408,17:23,24,92,612,613,50.0
169,Oliver Ekman-Larsson\ekmanol01,25,D,ARI,79,12,27,39,-25,48,5.6,4,8,0,1,16,11,0,145,8.3,1945,24:37,85,112,0,0,
170,Mark Giordano\giordma01,33,D,CGY,81,12,27,39,22,59,9.4,7,3,2,4,15,11,1,151,7.9,1910,23:35,184,78,0,0,
171,Cam Fowler\fowleca01,25,D,ANA,80,11,28,39,7,20,8.3,5,5,1,3,17,10,1,186,5.9,1988,24:51,134,29,0,0,
172,Ryan Spooner\spoonry01,25,C,BOS,78,11,28,39,-8,14,3.7,8,3,0,3,12,15,1,145,7.6,1099,14:06,17,24,79,124,38.9
173,Alec Martinez\martial01,29,D,LAK,82,9,30,39,-17,24,6.8,6,2,1,3,17,13,0,144,6.3,1775,21:38,167,137,0,1,0.0
174,Shayne Gostisbehere\gostish01,23,D,PHI,76,7,32,39,-21,32,5.2,5,2,0,1,11,21,0,198,3.5,1489,19:36,94,43,0,0,
175,Matt Niskanen\niskama01,30,D,WSH,78,5,34,39,20,32,7.4,4,1,0,2,25,8,1,154,3.2,1730,22:11,93,147,0,0,
176,Brady Skjei\skjeibr01,22,D,NYR,80,5,34,39,11,42,6.4,5,0,0,0,27,7,0,127,3.9,1397,17:28,69,147,0,1,0.0
177,Brent Seabrook\seabrbr01,31,D,CHI,79,3,36,39,5,26,6.0,1,2,0,0,24,12,0,131,2.3,1729,21:54,147,111,0,1,0.0
178,Rick Nash\nashri01,32,RW,NYR,67,23,15,38,9,26,5.0,16,6,1,3,12,3,0,195,11.8,1103,16:28,35,63,0,1,0.0
179,Mikko Rantanen\rantami01,20,RW,COL,75,20,18,38,-25,22,3.5,16,4,0,2,12,6,0,133,15.0,1354,18:03,33,29,29,21,58.0
180,David Backes\backeda01,32,RW,BOS,74,17,21,38,2,69,4.5,15,2,0,2,16,5,0,175,9.7,1267,17:07,47,225,60,63,48.8
181,Ryan Ellis\ellisry01,26,D,NSH,71,16,22,38,17,29,8.7,11,4,1,3,13,7,2,140,11.4,1701,23:57,137,64,0,0,
182,Oscar Klefbom\klefbos01,23,D,EDM,82,12,26,38,7,6,7.6,9,3,0,3,12,13,1,201,6.0,1834,22:22,146,43,0,0,
183,Jared Spurgeon\spurgja01,27,D,MIN,76,10,28,38,33,20,8.9,9,1,0,2,23,4,1,144,6.9,1827,24:02,140,49,0,0,
184,Max Domi\domima01,21,LW,ARI,59,9,29,38,-9,40,3.2,8,1,0,1,22,7,0,108,8.3,1002,16:59,21,28,5,5,50.0
185,Tyson Barrie\barrity01,25,D,COL,74,7,31,38,-34,18,4.4,6,1,0,2,22,9,0,182,3.8,1725,23:18,75,32,0,0,
186,Nick Bonino\boninni01,28,C,PIT,80,18,19,37,-5,16,3.0,11,6,1,1,14,5,0,142,12.7,1332,16:39,99,60,582,631,48.0
187,Justin Faulk\faulkju01,24,D,CAR,75,17,20,37,-18,32,6.6,13,4,0,2,11,9,0,225,7.6,1736,23:08,84,117,0,0,
188,Reilly Smith\smithre01,25,RW,FLA,80,15,22,37,-13,17,3.1,8,6,1,3,17,5,0,160,9.4,1468,18:21,34,75,3,3,50.0
189,Kris Versteeg\verstkr01,30,RW,CGY,69,15,22,37,-3,46,3.9,7,8,0,1,14,8,0,136,11.0,1016,14:44,28,5,53,49,52.0
190,Mika Zibanejad\zibanmi01,23,C,NYR,56,14,23,37,9,16,4.2,10,4,0,2,16,7,0,119,11.8,956,17:04,27,23,494,456,52.0
191,Scott Hartnell\hartnsc01,34,LW,CBJ,78,13,24,37,14,63,4.6,11,2,0,1,23,1,0,104,12.5,941,12:04,40,94,3,3,50.0
192,John Carlson\carlsjo01,27,D,WSH,72,9,28,37,7,10,6.5,6,3,0,3,14,13,1,180,5.0,1635,22:43,127,58,0,0,
193,Connor Brown\brownco02,23,RW,TOR,82,20,16,36,3,10,4.0,17,2,1,4,12,4,0,139,14.4,1329,16:12,46,50,2,6,25.0
194,Alex Killorn\killoal01,27,LW,TBL,81,19,17,36,-9,66,3.3,14,4,1,4,10,6,1,176,10.8,1458,18:00,25,99,4,8,33.3
195,Anthony Mantha\manthan01,22,RW,DET,60,17,19,36,10,53,4.9,16,1,0,3,17,2,0,133,12.8,954,15:54,33,46,5,6,45.5
196,Dustin Brown\browndu01,32,RW,LAK,80,14,22,36,-4,22,3.7,9,4,1,1,20,2,0,175,8.0,1280,16:00,31,190,2,3,40.0
197,Mike Green\greenmi03,31,D,DET,72,14,22,36,-20,40,5.8,11,3,0,2,15,7,0,125,11.2,1696,23:33,92,67,0,0,
198,T.J. Brodie\broditj01,26,D,CGY,82,6,30,36,-16,24,5.3,4,1,1,2,18,11,1,78,7.7,1934,23:35,115,30,0,0,
199,Alex Goligoski\goligal01,31,D,ARI,82,6,30,36,-9,28,5.9,4,1,1,0,22,7,1,112,5.4,1913,23:20,143,137,0,0,
200,Andrei Markov\markoan01,38,D,MTL,62,6,30,36,18,16,7.5,5,1,0,1,18,11,1,98,6.1,1354,21:50,73,39,0,0,
201,Nikita Zaitsev\zaitsni01,25,D,TOR,82,4,32,36,-22,38,3.6,3,1,0,0,20,11,1,106,3.8,1806,22:01,136,176,0,0,
202,Sven Baertschi\baertsv01,24,LW,VAN,68,18,17,35,-6,8,4.1,16,2,0,5,13,4,0,114,15.8,1080,15:53,29,52,1,0,100.0
203,Andrew Cogliano\coglian01,29,LW,ANA,82,16,19,35,11,26,4.2,13,0,3,2,18,0,1,178,9.0,1241,15:08,27,76,8,10,44.4
204,Mark Letestu\letesma01,31,C,EDM,78,16,19,35,-2,17,3.7,3,11,2,6,15,3,1,120,13.3,1111,14:14,34,71,452,444,50.4
205,Brian Gionta\giontbr01,38,RW,BUF,82,15,20,35,-11,22,3.0,11,3,1,3,15,4,1,149,10.1,1362,16:36,30,54,46,60,43.4
206,Andre Burakovsky\burakan01,21,LW,WSH,64,12,23,35,13,14,4.1,10,2,0,1,20,3,0,111,10.8,849,13:16,25,31,2,5,28.6
207,Colin Wilson\wilsoco01,27,LW,NSH,70,12,23,35,7,18,3.8,6,6,0,0,22,1,0,113,10.6,1047,14:57,23,50,16,23,41.0
208,Andrej Sekera\sekeran01,30,D,EDM,80,8,27,35,14,18,7.3,6,1,1,1,17,10,0,128,6.3,1719,21:29,166,55,0,0,
209,Colton Parayko\parayco01,23,D,STL,81,4,31,35,7,32,6.7,0,4,0,2,24,6,1,188,2.1,1717,21:12,117,80,0,0,
210,Patrik Berglund\berglpa01,28,C,STL,82,23,11,34,-7,32,3.9,19,4,0,5,7,4,0,153,15.0,1311,15:59,42,155,584,585,50.0
211,Boone Jenner\jennebo01,23,C,CBJ,82,18,16,34,14,52,4.1,16,0,2,4,15,1,0,211,8.5,1317,16:04,80,216,92,92,50.0
212,Brandon Sutter\suttebr03,27,C,VAN,81,17,17,34,-20,12,2.7,13,4,0,1,13,4,0,160,10.6,1523,18:48,53,78,788,664,54.3
213,Tobias Rieder\riedeto01,24,RW,ARI,80,16,18,34,-8,6,3.0,13,2,1,1,13,4,1,155,10.3,1385,17:19,38,24,4,9,30.8
214,Tyler Toffoli\toffoty01,24,C,LAK,63,16,18,34,6,22,4.4,12,4,0,2,14,3,1,165,9.7,1045,16:35,4,54,2,3,40.0
215,Sean Couturier\coutuse01,24,C,PHI,66,14,20,34,12,33,3.9,14,0,0,2,17,2,1,120,11.7,1217,18:27,35,41,587,479,55.1
216,Mathew Dumba\dumbama01,22,D,MIN,76,11,23,34,15,59,6.9,5,6,0,1,16,6,1,131,8.4,1545,20:20,71,96,0,0,
217,Nick Holden\holdeni01,29,D,NYR,80,11,23,34,13,35,6.8,8,3,0,2,21,1,1,84,13.1,1649,20:37,88,164,0,1,0.0
218,Kris Letang\letankr01,29,D,PIT,41,5,29,34,2,32,4.5,3,2,0,2,16,12,1,122,4.1,1046,25:31,70,70,0,0,
219,Jaccob Slavin\slavija01,22,D,CAR,82,5,29,34,23,12,8.6,4,0,1,0,22,4,3,99,5.1,1922,23:26,161,35,0,0,
220,Jason Chimera\chimeja01,37,LW,NYI,82,20,13,33,1,40,4.0,19,0,1,2,13,0,0,121,16.5,1071,13:04,30,149,16,18,47.1
221,Gabriel Landeskog\landega01,24,LW,COL,72,18,15,33,-25,62,2.7,12,5,1,2,14,1,0,169,10.7,1352,18:47,41,143,62,63,49.6
222,Jake Guentzel\guentja01,22,C,PIT,40,16,17,33,7,10,4.4,15,1,0,0,15,2,0,81,19.8,635,15:53,18,61,8,8,50.0
223,Christian Dvorak\dvorach01,20,LW,ARI,78,15,18,33,7,22,3.6,13,2,0,1,15,3,0,88,17.0,1218,15:37,56,72,471,535,46.8
224,Devin Shore\shorede01,22,C,DAL,82,13,20,33,-4,14,2.8,12,1,0,0,15,5,0,115,11.3,1159,14:08,71,44,221,249,47.0
225,Radek Faksa\faksara01,23,C,DAL,80,12,21,33,-6,67,2.4,12,0,0,0,19,2,0,132,9.1,1294,16:10,62,101,590,632,48.3
226,Jean-Gabriel Pageau\pageaje01,24,C,OTT,82,12,21,33,13,24,3.4,12,0,0,2,19,0,2,169,7.1,1323,16:08,79,161,558,460,54.8
227,Jacob Trouba\troubja01,22,D,WPG,60,8,25,33,4,54,5.2,6,2,0,1,22,2,1,154,5.2,1498,24:58,118,107,0,0,
228,Dmitry Orlov\orlovdm01,25,D,WSH,82,6,27,33,30,51,7.7,5,1,0,0,22,5,0,125,4.8,1602,19:32,94,122,0,0,
229,Markus Granlund\granlma01,23,C,VAN,69,19,13,32,-19,14,3.2,16,3,0,3,9,4,0,122,15.6,1194,17:19,11,32,40,61,39.6
230,Dylan Larkin\larkidy01,20,C,DET,80,17,15,32,-28,37,2.3,11,5,1,1,13,2,0,178,9.6,1292,16:09,22,67,196,236,45.4
231,Zack Smith\smithza01,28,C,OTT,74,16,16,32,6,61,3.6,11,1,4,1,16,0,0,137,11.7,1212,16:23,38,140,317,292,52.1
232,Ryan Dzingel\dzingry01,24,LW,OTT,81,14,18,32,7,30,3.5,12,1,1,1,16,2,0,123,11.4,1165,14:23,21,71,9,21,30.0
233,Leo Komarov\komarle01,30,C,TOR,82,14,18,32,6,31,2.8,9,4,1,1,11,6,1,114,12.3,1400,17:04,50,232,91,111,45.0
234,Matt Moulson\moulsma01,33,LW,BUF,81,14,18,32,-4,10,3.5,3,11,0,2,11,7,0,134,10.4,940,11:36,18,37,1,3,25.0
235,Andrew Ladd\laddan01,31,LW,NYI,78,23,8,31,-14,45,3.1,19,3,1,4,6,2,0,142,16.2,1262,16:11,54,112,4,6,40.0
236,Ryan Hartman\hartmry01,22,LW,CHI,76,19,12,31,13,70,4.2,18,1,0,4,12,0,0,170,11.2,970,12:46,30,121,25,37,40.3
237,Alexandre Burrows\burroal01,35,LW/RW,TOT,75,15,16,31,3,62,3.6,14,1,0,2,15,0,1,143,10.5,1099,14:39,34,68,5,9,35.7
238,Calle Jarnkrok\jarnkca01,25,C,NSH,81,15,16,31,-1,25,2.9,12,2,1,1,12,2,2,134,11.2,1274,15:44,29,49,452,463,49.4
239,Matt Cullen\cullema01,40,C,PIT,72,13,18,31,4,30,2.9,9,2,2,2,16,2,0,93,14.0,1002,13:55,27,36,440,419,51.2
240,Mike Cammalleri\cammami01,34,LW,NJD,61,10,21,31,-9,21,2.8,9,1,0,3,12,9,0,142,7.0,1059,17:21,14,44,17,11,60.7
241,Damon Severson\severda01,22,D,NJD,80,3,28,31,-31,58,3.4,3,0,0,1,15,13,0,125,2.4,1628,20:21,72,79,0,0,
242,Jay Beagle\beaglja01,31,RW,WSH,81,13,17,30,20,22,3.5,12,0,1,4,15,0,2,100,13.0,1104,13:38,44,55,624,483,56.4
243,Ryan Strome\stromry01,23,RW,NYI,69,13,17,30,-8,40,2.6,11,2,0,2,11,6,0,114,11.4,1008,14:36,21,59,147,197,42.7
244,Dion Phaneuf\phanedi01,31,D,OTT,81,9,21,30,-6,100,5.9,4,4,1,2,9,12,0,156,5.8,1866,23:02,156,132,0,0,
245,Ivan Provorov\provoiv01,20,D,PHI,82,6,24,30,-7,34,5.7,6,0,0,1,19,5,0,161,3.7,1802,21:59,166,111,0,0,
246,Andreas Athanasiou\athanan01,22,C,DET,64,18,11,29,-7,28,3.6,17,1,0,3,8,3,0,120,15.0,862,13:28,21,30,37,46,44.6
247,Josh Anderson\anderjo05,22,RW,CBJ,78,17,12,29,12,89,4.0,17,0,0,3,12,0,0,119,14.3,938,12:01,40,147,8,21,27.6
248,Adam Lowry\lowryad01,23,C,WPG,82,15,14,29,1,52,2.4,10,5,0,1,9,4,1,122,12.3,1316,16:03,56,217,658,637,50.8
249,Andrew Shaw\shawan01,25,C,MTL,68,12,17,29,4,110,3.0,11,1,0,1,11,6,0,127,9.4,1034,15:12,38,147,239,199,54.6
250,Craig Smith\smithcr01,27,RW,NSH,78,12,17,29,7,30,3.0,10,2,0,1,16,1,0,155,7.7,1078,13:49,16,93,51,60,45.9
251,Robby Fabbri\fabbrro01,21,C,STL,51,11,18,29,-16,27,2.5,7,4,0,0,13,5,0,91,12.1,796,15:37,14,64,13,11,54.2
252,Derek Ryan\ryande01,30,C,CAR,67,11,18,29,-8,22,2.6,6,4,1,3,14,4,0,73,15.1,998,14:53,37,33,391,316,55.3
253,Zdeno Chara\charazd01,39,D,BOS,75,10,19,29,18,59,8.0,7,1,2,0,17,2,0,136,7.4,1750,23:20,140,130,0,1,0.0
254,Brendan Gallagher\gallabr01,24,RW,MTL,64,10,19,29,7,39,3.0,9,1,0,2,17,2,0,187,5.3,966,15:06,15,69,30,44,40.5
255,Joel Ward\wardjo02,36,RW,SJS,78,10,19,29,-2,30,2.2,7,1,2,2,17,2,0,105,9.5,1244,15:57,56,61,222,233,48.8
256,Chris Kunitz\kunitch01,37,LW,PIT,71,9,20,29,0,36,1.9,9,0,0,3,15,5,0,134,6.7,1101,15:31,28,216,3,10,23.1
257,Noah Hanifin\hanifno01,20,D,CAR,81,4,25,29,-19,26,3.8,2,2,0,1,16,9,0,108,3.7,1452,17:55,73,57,0,0,
258,Artturi Lehkonen\lehkoar01,21,LW,MTL,73,18,10,28,-1,8,3.4,15,2,1,3,8,2,0,158,11.4,1012,13:52,25,72,2,2,50.0
259,Bryan Rust\rustbr01,24,RW,PIT,57,15,13,28,4,8,3.3,15,0,0,1,12,0,1,110,13.6,777,13:38,29,101,2,3,40.0
260,Nick Ritchie\ritchni01,21,LW,ANA,77,14,14,28,4,62,3.2,13,1,0,3,13,1,0,149,9.4,1000,12:59,24,247,4,4,50.0
261,P.A. Parenteau\parenpi01,33,RW,TOT,67,13,15,28,-18,35,2.5,9,4,0,2,11,4,0,123,10.6,985,14:42,9,60,6,14,30.0
262,Jussi Jokinen\jokinju01,33,LW,FLA,69,11,17,28,-15,39,1.9,6,4,1,2,11,6,0,118,9.3,1201,17:25,33,28,75,69,52.1
263,Travis Konecny\konectr01,19,C,PHI,70,11,17,28,-2,49,2.7,8,3,0,0,16,1,0,133,8.3,986,14:05,26,92,0,5,0.0
264,Zach Hyman\hymanza01,24,C,TOR,82,10,18,28,2,30,1.8,6,0,4,3,18,0,0,156,6.4,1369,16:42,43,109,11,18,37.9
265,Vladislav Namestnikov\namesvl01,24,C,TBL,74,10,18,28,-4,31,2.2,7,3,0,0,14,3,1,114,8.8,1094,14:47,31,72,209,271,43.5
266,Tomas Plekanec\plekato01,34,C,MTL,78,10,18,28,10,24,2.4,5,3,2,3,14,4,0,139,7.2,1312,16:49,45,57,692,660,51.2
267,Jason Demers\demerja01,28,D,FLA,81,9,19,28,-14,53,4.9,9,0,0,2,12,5,2,98,9.2,1588,19:37,90,106,0,1,0.0
268,Jake Muzzin\muzzija01,27,D,LAK,82,9,19,28,-21,46,5.4,5,4,0,1,13,6,0,184,4.9,1828,22:18,122,162,0,0,
269,Antoine Vermette\vermean01,34,C,ANA,72,9,19,28,-7,42,2.0,4,5,0,1,13,6,0,88,10.2,1145,15:54,45,51,744,451,62.3
270,Jeff Petry\petryje01,29,D,MTL,80,8,20,28,3,22,6.0,6,2,0,1,15,5,0,172,4.7,1769,22:07,145,171,0,0,
271,Nick Schmaltz\schmani01,20,LW,CHI,61,6,22,28,10,6,2.7,6,0,0,0,20,2,0,66,9.1,809,13:16,27,20,84,188,30.9
272,Marc-Edouard Vlasic\vlasima01,29,D,SJS,75,6,22,28,4,35,5.8,5,1,0,2,15,6,1,144,4.2,1593,21:14,144,18,0,0,
273,Nathan Beaulieu\beaulna01,24,D,MTL,74,4,24,28,8,44,5.6,2,2,0,1,14,10,0,118,3.4,1442,19:29,102,65,0,0,
274,Jimmy Vesey\veseyji02,23,LW,NYR,80,16,11,27,-13,26,2.2,11,5,0,6,8,3,0,116,13.8,1091,13:38,37,64,2,5,28.6
275,Jarome Iginla\iginlja01,39,RW,TOT,80,14,13,27,-30,70,1.6,7,7,0,4,9,4,0,153,9.2,1210,15:08,21,116,16,14,53.3
276,Antoine Roussel\roussan01,27,LW,DAL,60,12,15,27,1,115,2.7,12,0,0,3,12,3,0,82,14.6,931,15:31,45,69,7,9,43.8
277,Shane Doan\doansh01,40,RW,ARI,74,6,21,27,-3,48,1.7,3,3,0,0,19,2,0,144,4.2,1114,15:03,22,101,94,105,47.2
278,Morgan Rielly\riellmo01,22,D,TOR,76,6,21,27,-20,21,2.9,5,1,0,1,17,4,0,171,3.5,1685,22:10,120,46,0,0,
279,Mark Streit\streima01,39,D,TOT,68,6,21,27,-12,28,3.9,5,1,0,2,9,12,0,114,5.3,1275,18:45,92,38,0,0,
280,Erik Haula\haulaer01,25,C,MIN,72,15,11,26,5,28,2.8,14,1,0,4,11,0,0,134,11.2,995,13:49,38,39,404,346,53.9
281,Sam Bennett\bennesa01,20,C,CGY,81,13,13,26,-16,75,1.6,9,4,0,0,12,0,1,122,10.7,1214,14:59,46,127,374,437,46.1
282,Mikkel Boedker\boedkmi01,27,LW,SJS,81,10,16,26,0,10,2.1,9,0,1,2,15,1,0,122,8.2,1162,14:21,34,71,5,13,27.8
283,Jonathan Huberdeau\huberjo01,23,LW,FLA,31,10,16,26,-2,13,3.1,7,3,0,2,12,4,0,86,11.6,556,17:55,7,18,4,5,44.4
284,Scott Wilson\wilsosc01,24,LW,PIT,78,8,18,26,0,32,2.0,8,0,0,1,18,0,0,127,6.3,854,10:57,31,167,3,0,100.0
285,Ian Cole\coleia01,27,D,PIT,81,5,21,26,26,72,5.6,5,0,0,1,20,1,0,89,5.6,1605,19:49,194,164,0,0,
286,Paul Martin\martipa01,35,D,SJS,81,4,22,26,10,20,5.8,4,0,0,1,22,0,0,57,7.0,1557,19:14,124,41,0,0,
287,Micheal Ferland\ferlami01,24,LW,CGY,76,15,10,25,-1,50,2.9,13,2,0,1,8,2,0,106,14.2,879,11:34,26,149,3,4,42.9
288,Brian Boyle\boylebr01,32,C,TOT,75,13,12,25,3,66,2.7,10,3,0,2,9,3,0,131,9.9,977,13:02,41,115,303,278,52.2
289,Troy Brouwer\brouwtr01,31,RW,CGY,74,13,12,25,-11,31,1.7,7,5,1,2,5,6,1,86,15.1,1200,16:13,39,171,20,44,31.3
290,Bobby Ryan\ryanbo01,29,RW,OTT,62,13,12,25,-3,24,2.5,11,2,0,0,9,3,0,111,11.7,963,15:32,36,109,6,3,66.7
291,Lars Eller\ellerla01,27,C,WSH,81,12,13,25,15,36,2.6,11,0,1,2,12,1,0,115,10.4,1126,13:54,30,71,416,467,47.1
292,Daniel Winnik\winnida01,31,LW,WSH,72,12,13,25,15,49,3.0,10,0,2,3,13,0,0,82,14.6,930,12:55,34,25,9,12,42.9
293,Jordan Martinook\martijo01,24,LW,ARI,77,11,14,25,-8,40,1.7,9,1,1,2,11,1,2,109,10.1,1207,15:41,68,50,460,577,44.4
294,Dominic Moore\mooredo01,36,C,BOS,82,11,14,25,2,44,2.6,8,0,3,1,13,0,1,96,11.5,1061,12:57,42,63,357,297,54.6
295,Casey Cizikas\cizikca01,25,C,NYI,59,8,17,25,9,30,2.6,8,0,0,1,16,1,0,82,9.8,821,13:54,58,144,420,426,49.6
296,William Karlsson\karlswi01,24,C,CBJ,81,6,19,25,10,10,2.0,5,1,0,3,17,0,2,96,6.3,1084,13:23,24,35,435,525,45.3
297,Calvin de Haan\dehaaca01,25,D,NYI,82,5,20,25,15,36,5.4,4,1,0,1,19,1,0,116,4.3,1628,19:51,190,139,0,0,
298,Mike Ribeiro\ribeimi01,36,C,NSH,46,4,21,25,-5,14,1.8,2,2,0,0,16,5,0,38,10.5,735,15:58,6,33,183,261,41.2
299,Jonas Brodin\brodijo01,23,D,MIN,68,3,22,25,5,20,4.1,1,2,0,2,17,5,0,85,3.5,1331,19:34,89,20,0,0,
300,Brett Ritchie\ritchbr01,23,RW,DAL,78,16,8,24,11,38,3.1,15,1,0,2,7,1,0,167,9.6,1006,12:54,23,153,1,1,50.0
301,Alex Chiasson\chiasal01,26,RW,CGY,81,12,12,24,-6,46,1.9,11,0,1,1,10,2,0,104,11.5,1084,13:23,18,74,7,22,24.1
302,Trevor Lewis\lewistr01,30,C,LAK,82,12,12,24,-6,30,2.2,11,1,0,3,11,1,0,145,8.3,1170,14:16,30,174,44,66,40.0
303,Loui Eriksson\erikslo01,31,LW,VAN,65,11,13,24,-9,8,1.8,6,5,0,1,10,2,1,132,8.3,1214,18:41,26,11,0,1,0.0
304,Anthony Beauvillier\beauvan01,19,LW,NYI,66,9,15,24,1,10,2.2,9,0,0,2,14,1,0,101,8.9,859,13:01,26,81,123,174,41.4
305,Colton Sceviour\scevico01,27,C,FLA,80,9,15,24,-16,25,1.3,5,1,3,1,12,2,1,172,5.2,1171,14:38,64,108,31,27,53.4
306,Pavel Zacha\zachapa01,19,C,NJD,70,8,16,24,-17,19,1.5,3,5,0,2,8,8,0,83,9.6,1002,14:18,24,54,183,271,40.3
307,Sven Andrighetto\andrisv01,23,RW,TOT,46,7,17,24,1,12,2.5,5,2,0,0,15,2,0,68,10.3,643,13:58,22,40,7,3,70.0
308,Zack Kassian\kassiza01,26,RW,EDM,79,7,17,24,4,101,2.0,7,0,0,0,17,0,0,110,6.4,972,12:18,16,201,4,7,36.4
309,Troy Stecher\stechtr01,22,D,VAN,71,3,21,24,-16,25,3.7,2,1,0,0,14,7,0,125,2.4,1419,19:59,66,51,0,0,
310,Sami Vatanen\vatansa01,25,D,ANA,71,3,21,24,3,30,4.9,1,2,0,0,9,12,0,117,2.6,1538,21:40,128,75,0,0,
311,Brett Connolly\connobr01,24,RW,WSH,66,15,8,23,20,40,3.7,14,1,0,3,8,0,0,81,18.5,706,10:41,12,89,4,10,28.6
312,Marcus Foligno\foligma01,25,LW,BUF,80,13,10,23,-1,73,2.1,12,0,1,0,10,0,0,97,13.4,1238,15:28,57,279,1,4,20.0
313,Nikolai Kulemin\kulemni01,30,LW,NYI,72,12,11,23,3,18,2.2,10,1,1,4,9,1,1,74,16.2,995,13:49,45,78,14,13,51.9
314,Chris Tierney\tiernch01,22,C,SJS,80,11,12,23,0,6,1.9,9,1,1,2,11,0,1,90,12.2,1168,14:36,44,50,399,424,48.5
315,Mikhail Grigorenko\grigomi01,22,C,COL,75,10,13,23,-14,18,1.6,10,0,0,0,9,4,0,85,11.8,1057,14:05,26,27,111,81,57.8
316,Tom Pyatt\pyattto01,29,LW,OTT,82,9,14,23,9,16,1.8,9,0,0,1,12,0,2,95,9.5,1281,15:38,89,46,21,28,42.9
317,Johnny Boychuk\boychjo01,33,D,NYI,66,6,17,23,11,19,4.8,4,1,1,2,13,3,1,155,3.9,1368,20:44,133,160,1,0,100.0
318,Radko Gudas\gudasra01,26,D,PHI,67,6,17,23,8,93,5.5,6,0,0,0,16,1,0,113,5.3,1293,19:18,124,280,0,0,
319,David Savard\savarda01,26,D,CBJ,74,6,17,23,33,44,7.1,6,0,0,0,15,0,2,135,4.4,1616,21:50,126,127,0,0,
320,Matt Stajan\stajama01,33,C,CGY,81,6,17,23,3,40,1.6,6,0,0,3,15,0,2,59,10.2,1027,12:41,39,60,385,383,50.1
321,Jack Johnson\johnsja02,30,D,CBJ,82,5,18,23,23,32,6.3,4,1,0,1,16,1,1,116,4.3,1789,21:49,134,94,1,0,100.0
322,Mattias Ekholm\ekholma01,26,D,NSH,82,3,20,23,4,34,4.6,3,0,0,1,16,3,1,120,2.5,1924,23:28,108,61,0,0,
323,John Moore\moorejo01,26,D,NJD,63,12,10,22,-7,39,4.8,11,1,0,1,8,2,0,102,11.8,1196,18:59,61,68,0,0,
324,Melker Karlsson\karlsme01,26,C,SJS,67,11,11,22,7,22,2.6,9,0,2,1,11,0,0,73,15.1,858,12:48,59,67,1,5,16.7
325,Tomas Hertl\hertlto01,23,C,SJS,49,10,12,22,-8,14,1.9,9,1,0,4,11,1,0,100,10.0,844,17:13,42,76,245,229,51.7
326,Jori Lehtera\lehtejo01,29,C,STL,64,7,15,22,-6,34,1.4,7,0,0,1,12,3,0,67,10.4,971,15:11,29,64,409,423,49.2
327,Nic Dowd\dowdni01,26,C,LAK,70,6,16,22,-15,25,1.3,5,1,0,2,9,7,0,78,7.7,872,12:27,35,145,338,369,47.8
328,Carl Hagelin\hagelca01,28,LW,PIT,61,6,16,22,10,16,1.5,6,0,0,2,15,0,1,128,4.7,945,15:29,24,66,3,3,50.0
329,Dennis Seidenberg\seidede01,35,D,NYI,73,5,17,22,25,32,5.8,5,0,0,0,17,0,0,89,5.6,1418,19:26,146,154,0,0,
330,Anton Stralman\stralan01,30,D,TBL,73,5,17,22,1,20,4.8,4,1,0,0,11,6,0,130,3.8,1672,22:54,96,106,0,0,
331,Brendan Perlini\perlibr01,20,LW,ARI,57,14,7,21,-4,20,2.3,11,3,0,2,5,2,0,92,15.2,846,14:50,15,42,1,1,50.0
332,Chris Stewart\stewach02,29,RW,MIN,79,13,8,21,3,94,2.3,13,0,0,0,6,2,0,82,15.9,821,10:23,19,85,2,9,18.2
333,Aaron Ekblad\ekblaaa01,20,D,FLA,68,10,11,21,-23,58,3.4,5,4,1,2,7,4,0,225,4.4,1459,21:28,62,88,0,0,
334,Marian Gaborik\gaborma01,34,RW,LAK,56,10,11,21,-4,18,2.2,7,3,0,3,9,2,0,123,8.1,828,14:47,15,21,0,1,0.0
335,Drew Stafford\staffdr01,31,RW,TOT,58,8,13,21,6,24,2.1,5,3,0,3,12,1,0,109,7.3,789,13:36,3,62,7,15,31.8
336,Justin Abdelkader\abdelju01,29,LW,DET,64,7,14,21,-20,50,0.7,2,5,0,1,11,2,1,104,6.7,1066,16:40,27,144,5,12,29.4
337,Alexander Edler\edleral01,30,D,VAN,68,6,15,21,-20,36,3.6,4,2,0,0,13,2,0,138,4.3,1653,24:19,138,106,2,1,66.7
338,Jesper Fast\fastje01,25,RW,NYR,68,6,15,21,6,16,1.5,6,0,0,1,15,0,0,56,10.7,938,13:48,44,99,17,27,38.6
339,Steven Stamkos\stamkst01,26,C,TBL,17,9,11,20,3,14,2.8,6,3,0,1,7,4,0,58,15.5,304,17:52,3,21,106,92,53.5
340,Pavel Buchnevich\buchnpa01,21,RW,NYR,41,8,12,20,6,13,2.3,7,1,0,0,10,2,0,55,14.5,544,13:16,8,17,1,6,14.3
341,Blake Comeau\comeabl01,30,LW,COL,77,8,12,20,-19,58,0.7,5,2,1,1,12,0,0,103,7.8,1154,14:59,22,129,114,132,46.3
342,Jannik Hansen\hanseja01,30,RW,TOT,43,8,12,20,2,34,2.2,8,0,0,1,12,0,0,73,11.0,690,16:03,15,43,0,1,0.0
343,Lauri Korpikoski\korpila01,30,LW,TOT,69,8,12,20,5,10,1.8,8,0,0,0,11,0,1,108,7.4,856,12:24,36,37,0,7,0.0
344,Kevin Labanc\labanke01,21,RW,SJS,55,8,12,20,9,22,2.3,8,0,0,2,10,2,0,70,11.4,752,13:41,14,19,2,2,50.0
345,Oscar Lindberg\lindbos02,25,C,NYR,65,8,12,20,2,32,1.8,8,0,0,1,11,1,0,86,9.3,704,10:50,36,94,299,276,52.0
346,Jakob Chychrun\chychja01,18,D,ARI,68,7,13,20,-14,47,3.0,6,1,0,0,12,1,0,86,8.1,1133,16:40,99,109,0,0,
347,Hampus Lindholm\lindhha01,23,D,ANA,66,6,14,20,13,36,5.6,5,1,0,2,10,4,0,94,6.4,1482,22:27,94,98,2,0,100.0
348,Josh Morrissey\morrijo04,21,D,WPG,82,6,14,20,6,38,3.7,5,1,0,3,14,0,0,99,6.1,1598,19:29,139,145,0,0,
349,Cal Clutterbuck\cluttca01,29,RW,NYI,66,5,15,20,2,28,1.2,5,0,0,1,14,1,0,115,4.3,924,14:00,25,222,3,5,37.5
350,Thomas Hickey\hicketh01,27,D,NYI,76,4,16,20,-1,35,3.2,4,0,0,2,13,3,0,87,4.6,1331,17:31,103,89,0,0,
351,Jake McCabe\mccabja01,23,D,BUF,76,3,17,20,-7,26,4.0,2,1,0,1,14,3,0,79,3.8,1574,20:42,114,73,0,0,
352,Brett Pesce\pescebr01,22,D,CAR,82,2,18,20,23,20,6.5,2,0,0,0,16,2,0,109,1.8,1739,21:12,148,57,0,0,
353,Joel Armia\armiajo01,23,RW,WPG,57,10,9,19,-8,20,1.2,6,0,4,1,7,2,0,111,9.0,863,15:08,30,68,3,4,42.9
354,Matt Read\readma01,30,RW,PHI,63,10,9,19,3,8,2.0,7,2,1,2,9,0,0,92,10.9,869,13:48,32,95,5,10,33.3
355,Beau Bennett\bennebe01,25,RW,NJD,65,8,11,19,-3,20,1.7,7,1,0,1,10,1,0,101,7.9,881,13:33,13,76,3,13,18.8
356,Tom Wilson\wilsoto01,22,RW,WSH,82,7,12,19,9,133,1.3,7,0,0,0,12,0,0,95,7.4,1060,12:56,44,239,3,7,30.0
357,Trevor Daley\daleytr01,33,D,PIT,56,5,14,19,7,37,3.2,4,1,0,0,10,3,1,84,6.0,1141,20:23,83,29,0,0,
358,Ben Hutton\huttobe01,23,D,VAN,71,5,14,19,-22,31,2.9,3,2,0,1,5,9,0,130,3.8,1455,20:30,106,46,0,0,
359,Adam Larsson\larssad01,24,D,EDM,79,4,15,19,21,55,5.5,4,0,0,0,15,0,0,85,4.7,1592,20:09,160,253,0,0,
360,Cody Franson\fransco01,29,D,BUF,68,3,16,19,-5,34,3.6,2,1,0,0,15,1,0,93,3.2,1257,18:29,68,87,0,0,
361,Matt Hunwick\hunwima01,31,D,TOR,72,1,18,19,8,18,3.6,1,0,0,0,18,0,0,73,1.4,1294,17:59,90,91,0,0,
362,Rene Bourque\bourqre01,35,RW,COL,65,12,6,18,-19,56,1.2,10,2,0,2,6,0,0,111,10.8,906,13:57,26,75,0,5,0.0
363,Scottie Upshall\upshasc01,33,RW,STL,73,10,8,18,-1,45,1.8,8,0,2,1,8,0,0,85,11.8,802,10:59,21,99,3,9,25.0
364,Frank Vatrano\vatrafr01,22,C,BOS,44,10,8,18,-3,14,2.2,6,4,0,1,7,1,0,116,8.6,593,13:29,16,51,2,5,28.6
365,Brandon Pirri\pirribr01,25,RW,NYR,60,8,10,18,-8,25,1.1,3,5,0,3,6,4,0,96,8.3,737,12:17,20,41,140,103,57.6
366,Patrick Sharp\sharppa01,35,LW,DAL,48,8,10,18,-22,31,0.6,6,1,1,0,10,0,0,146,5.5,765,15:57,24,24,29,32,47.5
367,Drake Caggiula\caggidr01,22,LW,EDM,60,7,11,18,3,16,1.6,5,2,0,2,7,3,1,93,7.5,794,13:14,19,97,117,167,41.2
368,Michael Del Zotto\delzomi01,26,D,PHI,51,6,12,18,-5,28,3.5,6,0,0,0,10,1,1,92,6.5,995,19:30,85,173,0,1,0.0
369,Esa Lindell\lindees01,22,D,DAL,73,6,12,18,8,22,4.2,6,0,0,2,10,2,0,99,6.1,1597,21:52,119,93,0,1,0.0
370,Francois Beauchemin\beaucfr01,36,D,COL,81,5,13,18,-14,32,3.7,5,0,0,1,10,3,0,132,3.8,1743,21:31,156,73,0,0,
371,Niklas Hjalmarsson\hjalmni01,29,D,CHI,73,5,13,18,12,20,4.4,5,0,0,0,12,0,1,61,8.2,1569,21:30,181,23,0,0,
372,Shane Prince\princsh01,24,LW,NYI,50,5,13,18,-9,18,1.0,4,1,0,2,11,2,0,71,7.0,649,12:58,12,36,4,3,57.1
373,Alan Quine\quineal01,23,C,NYI,61,5,13,18,-2,8,1.1,3,2,0,1,12,1,0,82,6.1,764,12:31,29,77,264,286,48.0
374,Dennis Wideman\widemde01,33,D,CGY,57,5,13,18,-6,32,3.2,3,2,0,1,10,3,0,87,5.7,1153,20:14,74,61,0,0,
375,Derek Forbort\forbode01,24,D,LAK,82,2,16,18,8,54,5.6,2,0,0,0,15,0,1,100,2.0,1650,20:07,159,180,1,0,100.0
376,Andrew MacDonald\macdoan01,30,D,PHI,73,2,16,18,-5,26,3.7,2,0,0,0,15,0,1,65,3.1,1468,20:06,151,39,0,0,
377,David Schlemko\schleda01,29,D,SJS,62,2,16,18,4,14,3.7,1,1,0,1,14,2,0,118,1.7,1038,16:45,112,35,0,0,
378,Andrew Copp\coppan01,22,C,WPG,64,9,8,17,8,18,1.7,8,0,1,1,8,0,0,77,11.7,790,12:21,28,87,95,97,49.5
379,Jamie McGinn\mcginja01,28,LW,ARI,72,9,8,17,-23,23,0.4,9,0,0,2,6,2,0,116,7.8,948,13:10,18,116,1,2,33.3
380,Darren Helm\helmda01,30,C,DET,50,8,9,17,-6,20,1.4,6,2,0,1,6,2,1,98,8.2,768,15:22,18,71,216,204,51.4
381,Torrey Mitchell\mitchto01,32,C,MTL,78,8,9,17,5,38,1.3,8,0,0,1,9,0,0,68,11.8,983,12:36,56,47,410,342,54.5
382,Miles Wood\woodmi01,21,LW,NJD,60,8,9,17,-21,86,0.9,6,2,0,0,7,2,0,105,7.6,771,12:51,26,68,1,1,50.0
383,Michael Matheson\mathemi01,22,D,FLA,81,7,10,17,-5,36,4.4,7,0,0,0,8,1,1,179,3.9,1705,21:03,118,69,1,0,100.0
384,Riley Nash\nashri02,27,C,BOS,81,7,10,17,-1,14,1.0,6,0,1,2,8,0,2,125,5.6,1118,13:48,36,67,276,286,49.1
385,Joonas Donskoi\donskjo01,24,RW,SJS,61,6,11,17,-5,10,1.0,5,1,0,0,8,3,0,95,6.3,842,13:49,27,27,8,8,50.0
386,Nick Shore\shoreni01,24,C,LAK,70,6,11,17,-2,20,1.3,5,0,1,1,11,0,0,79,7.6,895,12:47,22,58,362,359,50.2
387,Brian Campbell\campbbr02,37,D,CHI,80,5,12,17,12,24,4.3,3,2,0,1,9,3,0,74,6.8,1474,18:26,83,43,0,0,
388,Marcus Kruger\krugema01,26,C,CHI,70,5,12,17,7,34,0.9,5,0,0,0,12,0,0,83,6.0,981,14:01,62,31,357,370,49.1
389,Josh Manson\mansojo01,25,D,ANA,82,5,12,17,14,82,5.3,4,0,1,1,11,0,1,88,5.7,1527,18:38,79,227,0,0,
390,Austin Watson\watsoau01,25,LW,NSH,77,5,12,17,14,99,1.4,5,0,0,0,11,0,1,90,5.6,957,12:26,66,143,17,25,40.5
391,Chris Wideman\widemch01,27,D,OTT,76,5,12,17,7,46,4.2,4,1,0,1,8,4,0,123,4.1,1061,13:58,68,68,0,0,
392,Jordie Benn\bennjo01,29,D,TOT,71,4,13,17,-4,28,2.8,4,0,0,1,10,2,1,68,5.9,1298,18:17,144,64,0,0,
393,Ron Hainsey\hainsro01,35,D,TOT,72,4,13,17,-8,21,3.2,3,0,1,1,11,0,2,71,5.6,1586,22:02,120,93,0,0,
394,Nikita Nesterov\nesteni01,23,D,TOT,48,4,13,17,0,24,3.1,3,1,0,0,12,1,0,63,6.3,782,16:17,21,84,0,0,
395,Mark Pysyk\pysykma01,25,D,FLA,82,4,13,17,0,10,4.3,4,0,0,0,13,0,0,86,4.7,1522,18:34,99,72,0,1,0.0
396,Nate Schmidt\schmina01,25,D,WSH,60,3,14,17,22,16,4.5,3,0,0,0,13,0,1,60,5.0,929,15:29,37,51,0,0,
397,Cody Ceci\cecico01,23,D,OTT,79,2,15,17,-11,20,3.2,2,0,0,0,12,1,2,143,1.4,1833,23:12,159,111,1,0,100.0
398,Erik Johnson\johnser01,28,D,COL,46,2,15,17,-6,9,2.9,2,0,0,1,9,6,0,96,2.1,1016,22:05,98,87,0,0,
399,Connor Murphy\murphco02,23,D,ARI,77,2,15,17,-13,45,2.5,1,0,1,1,15,0,0,81,2.5,1477,19:11,119,201,0,0,
400,Kevin Fiala\fialake01,20,LW,NSH,54,11,5,16,1,18,1.8,11,0,0,1,5,0,0,114,9.6,730,13:31,14,44,0,0,
401,Viktor Stalberg\stalbvi01,31,LW,TOT,75,11,5,16,-9,41,1.2,8,1,2,2,4,1,0,101,10.9,915,12:12,28,141,0,3,0.0
402,Adam Cracknell\crackad01,31,RW,DAL,69,10,6,16,9,12,1.9,9,0,1,2,6,0,0,87,11.5,722,10:28,37,91,135,160,45.8
403,Dwight King\kingdw01,27,LW,TOT,80,9,7,16,-2,12,1.1,9,0,0,1,7,0,0,110,8.2,1153,14:24,28,120,4,12,25.0
404,Ryan White\whitery01,28,C,TOT,65,9,7,16,-16,84,0.9,9,0,0,1,7,0,0,60,15.0,693,10:39,33,187,39,52,42.9
405,Zemgus Girgensons\girgeze01,23,C,BUF,75,7,9,16,-7,18,0.8,7,0,0,0,9,0,0,112,6.3,987,13:10,26,120,273,306,47.2
406,Brock McGinn\mcginbr01,22,LW,CAR,57,7,9,16,-11,6,1.1,7,0,0,1,8,0,1,74,9.5,684,12:00,22,91,1,3,25.0
407,Brandon Carlo\carlobr01,20,D,BOS,82,6,10,16,9,59,5.2,5,0,1,0,10,0,0,88,6.8,1707,20:49,115,87,0,0,
408,Nick Cousins\cousini01,23,C,PHI,60,6,10,16,-6,31,1.1,5,1,0,0,9,1,0,99,6.1,720,12:00,24,61,89,128,41.0
409,Tanner Kero\kerota01,24,RW,CHI,47,6,10,16,15,8,1.9,6,0,0,0,10,0,0,60,10.0,634,13:29,51,41,209,262,44.4
410,Derek MacKenzie\mackede01,35,C,FLA,82,6,10,16,-7,50,0.6,4,0,2,1,7,0,3,91,6.6,1030,12:34,45,192,386,386,50.0
411,Curtis McKenzie\mckencu01,25,LW,DAL,53,6,10,16,5,72,1.6,6,0,0,3,10,0,0,66,9.1,575,10:51,31,103,3,3,50.0
412,Alexander Burmistrov\burmial01,25,C,TOT,49,5,11,16,-7,12,0.9,1,4,0,0,9,1,1,45,11.1,654,13:21,19,60,178,259,40.7
413,Trevor van Riemsdyk\vanritr01,25,D,CHI,58,5,11,16,17,29,4.3,5,0,0,2,11,0,0,73,6.8,1068,18:25,100,22,0,0,
414,Deryk Engelland\engelde01,34,D,CGY,81,4,12,16,2,85,3.9,4,0,0,2,12,0,0,107,3.7,1485,18:20,134,135,1,0,100.0
415,Tom Kuhnhackl\kuhnhto01,25,RW,PIT,57,4,12,16,8,18,1.3,3,0,1,0,11,0,1,49,8.2,607,10:39,42,112,2,2,50.0
416,Dan Hamhuis\hamhuda01,34,D,DAL,79,1,15,16,-7,23,2.2,0,1,0,0,13,0,2,83,1.2,1529,19:22,100,93,0,0,
417,Matt Calvert\calvema01,27,LW,CBJ,65,10,5,15,-4,48,1.1,7,0,3,1,4,0,1,92,10.9,868,13:21,34,61,2,14,12.5
418,Kyle Brodziak\brodzky01,32,C,STL,69,8,7,15,2,27,1.4,8,0,0,2,7,0,0,55,14.5,773,11:12,39,56,323,330,49.5
419,Dale Weise\weiseda01,28,RW,PHI,64,8,7,15,1,39,1.3,7,1,0,2,6,1,0,94,8.5,824,12:53,24,135,3,0,100.0
420,Kyle Quincey\quincky01,31,D,TOT,73,6,9,15,4,51,4.2,6,0,0,0,9,0,0,79,7.6,1306,17:54,96,95,0,0,
421,Chris VandeVelde\vandech01,29,C,PHI,81,6,9,15,-5,16,0.7,6,0,0,0,9,0,0,69,8.7,936,11:34,60,114,24,20,54.5
422,Anthony Duclair\duclaan01,21,LW,ARI,58,5,10,15,-7,14,0.7,5,0,0,1,8,2,0,76,6.6,771,13:18,17,22,4,4,50.0
423,Ondrej Kase\kaseon01,21,RW,ANA,53,5,10,15,-1,18,1.2,5,0,0,2,10,0,0,77,6.5,625,11:47,14,42,1,6,14.3
424,Dan Girardi\girarda01,32,D,NYR,63,4,11,15,8,16,3.3,3,0,1,3,10,0,1,56,7.1,1203,19:06,166,107,0,0,
425,Matt Benning\bennima01,22,D,EDM,62,3,12,15,8,29,3.5,2,1,0,0,10,2,0,69,4.3,1030,16:37,64,111,0,0,
426,Joel Edmundson\edmunjo01,23,D,STL,69,3,12,15,11,60,4.2,3,0,0,1,12,0,0,81,3.7,1226,17:46,95,122,0,0,
427,Michael Stone\stonemi01,26,D,TOT,64,3,12,15,0,32,3.3,2,1,0,0,8,4,0,81,3.7,1268,19:49,143,125,1,0,100.0
428,Jay Bouwmeester\bouwmja01,33,D,STL,81,1,14,15,6,28,4.1,1,0,0,0,13,1,0,106,0.9,1815,22:24,111,67,0,0,
429,Brian Dumoulin\dumoubr01,25,D,PIT,70,1,14,15,0,14,1.7,1,0,0,0,10,4,0,78,1.3,1438,20:33,99,113,0,0,
430,Benoit Pouliot\poulibe01,30,LW,EDM,67,8,6,14,-5,34,0.6,8,0,0,1,6,0,0,77,10.4,942,14:03,39,39,7,21,25.0
431,Nick Bjugstad\bjugsni01,24,C,FLA,54,7,7,14,-19,22,0.5,6,1,0,1,5,2,0,91,7.7,710,13:09,9,72,186,205,47.6
432,Tim Schaller\schalti01,26,C,BOS,59,7,7,14,-6,23,1.1,7,0,0,2,7,0,0,89,7.9,724,12:16,38,73,28,29,49.1
433,David Desharnais\deshada01,30,C,TOT,49,6,8,14,4,12,1.4,6,0,0,1,6,2,0,46,13.0,610,12:28,15,5,170,162,51.2
434,Vinnie Hinostroza\hinosvi01,22,LW,CHI,49,6,8,14,-1,17,1.1,6,0,0,2,8,0,0,76,7.9,587,11:59,19,31,68,103,39.8
435,Carl Soderberg\soderca01,31,C,COL,80,6,8,14,-26,22,-0.4,5,1,0,0,7,1,0,128,4.7,1076,13:27,42,34,365,337,52.0
436,Anthony DeAngelo\deangan01,21,D,ARI,39,5,9,14,-13,37,1.7,3,2,0,1,3,6,0,60,8.3,667,17:06,48,31,0,0,
437,Kevin Bieksa\biekske01,35,D,ANA,81,3,11,14,0,63,3.5,2,1,0,1,9,2,0,94,3.2,1519,18:45,100,173,0,0,
438,Luke Glendening\glendlu01,27,C,DET,74,3,11,14,-10,26,0.0,3,0,0,0,10,1,0,76,3.9,956,12:55,62,150,307,261,54.0
439,Travis Hamonic\hamontr01,26,D,NYI,49,3,11,14,-21,60,0.6,3,0,0,0,10,1,0,74,4.1,1002,20:27,108,58,0,0,
440,Matt Irwin\irwinma01,29,D,NSH,74,3,11,14,15,26,4.0,3,0,0,1,9,0,2,98,3.1,1204,16:16,121,115,0,0,
441,Kevin Klein\kleinke01,32,D,NYR,60,3,11,14,5,31,2.8,3,0,0,0,9,1,1,54,5.6,1058,17:38,123,135,0,0,
442,Andrej Sustr\sustran01,26,D,TBL,80,3,11,14,-10,43,2.5,3,0,0,1,11,0,0,93,3.2,1407,17:35,102,45,0,1,0.0
443,Toby Enstrom\enstrto01,32,D,WPG,60,1,13,14,-7,42,1.3,0,0,1,0,7,6,0,46,2.2,1314,21:54,94,24,0,0,
444,Alex Petrovic\petroal01,24,D,FLA,49,1,13,14,-1,79,2.7,1,0,0,0,13,0,0,55,1.8,889,18:09,55,106,0,0,
445,Paul Postma\postmpa01,27,D,WPG,65,1,13,14,3,15,2.1,1,0,0,0,13,0,0,50,2.0,706,10:51,42,36,0,0,
446,Brooks Orpik\orpikbr01,36,D,WSH,79,0,14,14,32,48,5.0,0,0,0,0,14,0,0,93,0.0,1405,17:47,132,181,0,0,
447,Magnus Paajarvi\paajama01,25,LW,STL,32,8,5,13,9,6,2.1,7,1,0,3,5,0,0,51,15.7,389,12:09,16,29,1,2,33.3
448,Matthew Nieto\nietoma01,24,LW,TOT,59,7,6,13,-12,8,0.4,7,0,0,1,5,0,1,85,8.2,881,14:55,34,40,2,4,33.3
449,Ryan Reaves\reavery01,30,RW,STL,80,7,6,13,4,104,1.2,7,0,0,1,6,0,0,58,12.1,711,8:53,26,239,0,5,0.0
450,Lukas Sedlak\sedlalu01,23,LW,CBJ,62,7,6,13,10,25,1.6,6,0,1,0,6,0,0,57,12.3,603,9:43,28,66,232,211,52.4
451,Oliver Bjorkstrand\bjorkol01,21,RW,CBJ,26,6,7,13,4,6,1.7,6,0,0,2,7,0,0,55,10.9,366,14:05,9,14,1,0,100.0
452,Colin Miller\milleco02,24,D,BOS,61,6,7,13,0,55,3.3,5,1,0,0,6,1,0,85,7.1,965,15:49,36,85,0,0,
453,Jordan Schroeder\schrojo01,26,C,MIN,37,6,7,13,5,0,1.6,6,0,0,0,7,0,0,37,16.2,362,9:47,15,29,19,21,47.5
454,Austin Czarnik\czarnau01,24,C,BOS,49,5,8,13,-10,12,0.7,5,0,0,1,5,3,0,66,7.6,638,13:01,25,19,57,76,42.9
455,Tyler Ennis\ennisty01,27,LW,BUF,51,5,8,13,-10,12,0.6,5,0,0,1,5,3,0,89,5.6,655,12:50,23,45,3,13,18.8
456,Justin Braun\braunju01,29,D,SJS,81,4,9,13,1,28,3.7,4,0,0,0,7,0,2,95,4.2,1626,20:05,161,136,0,0,
457,Andy Greene\greenan01,34,D,NJD,66,4,9,13,-16,8,2.5,2,1,1,1,6,3,0,83,4.8,1448,21:57,124,50,0,0,
458,Nick Jensen\jenseni02,26,D,DET,49,4,9,13,-7,12,2.3,4,0,0,0,8,0,1,59,6.8,870,17:45,56,55,0,0,
459,Marco Scandella\scandma01,26,D,MIN,71,4,9,13,-2,25,2.3,4,0,0,0,9,0,0,88,4.5,1302,18:20,85,50,0,0,
460,Karl Alzner\alzneka01,28,D,WSH,82,3,10,13,23,28,4.6,3,0,0,0,10,0,0,81,3.7,1623,19:47,162,105,0,0,
461,Kevan Miller\milleke03,29,D,BOS,58,3,10,13,1,50,3.1,3,0,0,1,9,0,1,49,6.1,1032,17:48,76,121,0,0,
462,Mark Barberio\barbema01,26,D,TOT,60,2,11,13,-5,14,2.6,1,1,0,0,8,3,0,80,2.5,1096,18:16,55,20,0,0,
463,Niklas Kronwall\kronwni01,36,D,DET,57,2,11,13,-7,32,2.3,2,0,0,0,5,6,0,67,3.0,1109,19:27,81,77,0,0,
464,Luca Sbisa\sbisalu01,27,D,VAN,82,2,11,13,-1,40,3.7,2,0,0,1,11,0,0,75,2.7,1556,18:59,122,130,0,0,
465,Riley Sheahan\sheahri01,25,C,DET,80,2,11,13,-29,14,-1.2,1,1,0,0,9,2,0,109,1.8,1118,13:58,38,81,236,230,50.6
466,Nic Petan\petanni01,21,LW,WPG,54,1,12,13,-13,12,-0.1,1,0,0,0,4,8,0,57,1.8,589,10:54,10,12,145,170,46.0
467,Kris Russell\russekr01,29,D,EDM,68,1,12,13,5,23,3.1,1,0,0,1,11,1,0,68,1.5,1443,21:13,213,67,0,0,
468,Fedor Tyutin\tyutife01,33,D,COL,69,1,12,13,-25,38,1.2,1,0,0,0,12,0,0,46,2.2,1307,18:56,90,116,0,0,
469,Shawn Matthias\matthsh01,28,LW,WPG,45,8,4,12,0,13,1.1,7,0,1,1,4,0,0,51,15.7,610,13:34,19,47,5,11,31.3
470,Jordan Weal\wealjo01,24,C,PHI,23,8,4,12,5,10,1.9,7,1,0,1,4,0,0,49,16.3,329,14:19,8,7,14,14,50.0
471,Joakim Nordstrom\nordsjo02,24,LW,CAR,82,7,5,12,-12,17,0.0,6,0,1,2,5,0,0,104,6.7,1043,12:43,41,148,9,20,31.0
472,Tommy Wingels\wingeto01,28,C,TOT,73,7,5,12,-11,27,0.4,7,0,0,2,5,0,0,81,8.6,767,10:30,46,125,111,149,42.7
473,Kyle Clifford\cliffky01,26,LW,LAK,73,6,6,12,-2,92,0.9,6,0,0,0,6,0,0,122,4.9,783,10:43,7,146,2,3,40.0
474,Ivan Barbashev\barbaiv01,21,C,STL,30,5,7,12,5,2,1.5,5,0,0,1,7,0,0,20,25.0,354,11:47,14,34,83,124,40.1
475,Braydon Coburn\coburbr01,31,D,TBL,80,5,7,12,-1,50,3.2,4,0,1,0,7,0,0,102,4.9,1339,16:44,76,109,0,0,
476,Lawson Crouse\crousla01,19,LW,ARI,72,5,7,12,-20,48,-0.3,4,0,1,2,7,0,0,84,6.0,856,11:53,29,160,1,1,50.0
477,Peter Holland\hollape01,26,C,TOT,48,5,7,12,-16,22,0.2,4,1,0,0,7,0,0,79,6.3,612,12:45,9,37,228,274,45.4
478,Chris Kelly\kellych01,36,C,OTT,82,5,7,12,-17,23,-0.4,4,0,1,2,7,0,0,85,5.9,979,11:56,48,71,223,278,44.5
479,Danny DeKeyser\dekeyda01,26,D,DET,82,4,8,12,-22,33,2.0,4,0,0,2,8,0,0,85,4.7,1800,21:57,170,100,0,0,
480,Josh Jooris\joorijo01,26,RW,TOT,54,4,8,12,-2,16,0.6,4,0,0,0,7,0,1,75,5.3,659,12:12,30,49,222,228,49.3
481,Devin Setoguchi\setogde01,30,RW,LAK,45,4,8,12,-5,14,0.8,4,0,0,0,7,1,0,60,6.7,560,12:27,10,53,2,2,50.0
482,Patrick Wiercioch\wiercpa01,26,D,COL,57,4,8,12,-18,23,1.5,4,0,0,0,8,0,0,63,6.3,950,16:40,57,52,1,0,100.0
483,Cody Eakin\eakinco01,25,C,DAL,60,3,9,12,-7,49,-0.5,3,0,0,1,7,2,0,82,3.7,1009,16:49,39,65,524,477,52.3
484,Brandon Manning\mannibr01,26,D,PHI,65,3,9,12,-12,83,2.1,2,0,1,1,9,0,0,84,3.6,1174,18:03,79,121,0,1,0.0
485,Xavier Ouellet\ouellxa01,23,D,DET,66,3,9,12,2,51,3.2,3,0,0,0,9,0,0,89,3.4,1186,17:58,87,73,0,2,0.0
486,Ben Chiarot\chiarbe01,25,D,WPG,59,2,10,12,2,33,1.9,2,0,0,0,10,0,0,49,4.1,904,15:19,94,78,0,0,
487,Micheal Haley\haleymi01,30,C,SJS,58,2,10,12,6,128,1.0,2,0,0,1,10,0,0,37,5.4,532,9:11,23,129,66,83,44.3
488,Marc Methot\methoma01,31,D,OTT,68,0,12,12,13,24,3.9,0,0,0,0,12,0,0,69,0.0,1348,19:49,77,164,0,0,
489,Tyler Pitlick\pitlity01,25,RW,EDM,31,8,3,11,0,6,1.6,8,0,0,1,3,0,0,54,14.8,308,9:55,13,70,8,7,53.3
490,Michael Raffl\rafflmi01,28,LW,PHI,52,8,3,11,-7,20,0.7,8,0,0,3,3,0,0,63,12.7,690,13:16,22,91,3,7,30.0
491,Eric Fehr\fehrer01,31,C,TOT,53,6,5,11,2,14,0.7,6,0,0,3,5,0,0,62,9.7,579,10:56,35,82,79,76,51.0
492,Johan Larsson\larssjo02,24,C,BUF,36,6,5,11,-7,20,0.7,5,1,0,2,5,0,0,49,12.2,607,16:51,23,33,261,271,49.1
493,Darnell Nurse\nurseda01,21,D,EDM,44,5,6,11,0,33,2.4,5,0,0,0,6,0,0,85,5.9,749,17:01,53,107,0,0,
494,Marko Dano\danoma01,22,C,WPG,38,4,7,11,0,10,0.9,2,2,0,0,7,0,0,44,9.1,406,10:41,14,83,1,3,25.0
495,Roman Polak\polakro01,30,D,TOR,75,4,7,11,10,65,3.2,4,0,0,1,7,0,0,64,6.3,1344,17:55,133,232,0,1,0.0
496,Fredrik Claesson\claesfr01,24,D,OTT,33,3,8,11,5,4,2.4,3,0,0,0,7,0,1,25,12.0,434,13:08,24,55,0,0,
497,Jiri Hudler\hudleji01,33,RW,DAL,32,3,8,11,-3,4,0.7,2,1,0,1,8,0,0,27,11.1,379,11:51,3,9,3,2,60.0
498,Zach Bogosian\bogosza01,26,D,BUF,56,2,9,11,-17,46,1.4,2,0,0,1,8,1,0,73,2.7,1125,20:05,97,59,0,1,0.0
499,Adam Clendening\clendad01,24,D,NYR,31,2,9,11,3,17,1.9,1,1,0,0,8,1,0,38,5.3,490,15:49,27,22,0,0,
500,Ryan Murray\murrary01,23,D,CBJ,60,2,9,11,3,24,2.4,2,0,0,0,7,1,1,52,3.8,1100,18:20,96,23,0,0,
501,Dmitrij Jaskin\jaskidm01,23,RW,STL,51,1,10,11,5,18,0.6,1,0,0,0,10,0,0,55,1.8,589,11:33,19,98,5,5,50.0
502,Jake Dotchin\dotchja01,22,D,TBL,35,0,11,11,10,35,2.7,0,0,0,0,11,0,0,50,0.0,645,18:26,19,85,0,0,
503,Stefan Noesen\noesest01,23,RW,TOT,44,8,2,10,6,24,1.6,8,0,0,0,2,0,0,63,12.7,490,11:08,10,50,26,41,38.8
504,Colton Sissons\sissoco01,23,C,NSH,58,8,2,10,11,12,1.4,7,0,1,1,2,0,0,42,19.0,645,11:07,24,104,192,192,50.0
505,Reid Boucher\bouchre01,23,C/LW,TOT,39,6,4,10,-6,8,0.9,5,1,0,0,4,0,0,70,8.6,465,11:56,14,19,0,1,0.0
506,Brian Flynn\flynnbr01,28,C,MTL,51,6,4,10,2,4,0.8,6,0,0,0,4,0,0,47,12.8,615,12:04,29,20,69,80,46.3
507,Denis Malgin\malgide01,20,C,FLA,47,6,4,10,-5,8,0.8,4,2,0,1,4,0,0,67,9.0,528,11:14,15,34,67,117,36.4
508,Joseph Cramarossa\cramajo01,24,LW,TOT,59,4,6,10,0,60,0.6,4,0,0,1,4,0,2,36,11.1,587,9:57,23,133,6,1,85.7
509,Joshua Ho-Sang\hosanjo01,21,RW,NYI,21,4,6,10,1,12,1.0,3,1,0,0,5,1,0,22,18.2,346,16:27,2,4,0,2,0.0
510,Stephen Johns\johnsst03,24,D,DAL,61,4,6,10,-10,36,1.3,4,0,0,1,5,1,0,91,4.4,1114,18:15,130,159,0,0,
511,Cedric Paquette\paquece01,23,C,TBL,58,4,6,10,-6,80,0.2,4,0,0,0,6,0,0,68,5.9,668,11:31,46,144,200,234,46.1
512,Anton Slepyshev\slepyan01,22,LW,EDM,41,4,6,10,5,4,1.0,4,0,0,0,6,0,0,55,7.3,456,11:07,15,64,2,3,40.0
513,Adam Pelech\pelecad01,22,D,NYI,44,3,7,10,-5,6,1.4,3,0,0,0,7,0,0,40,7.5,741,16:50,68,73,0,0,
514,Logan Shaw\shawlo01,25,RW,ANA,55,3,7,10,3,10,0.7,2,0,1,1,6,0,1,59,5.1,534,9:43,18,62,55,90,37.9
515,Marc Staal\staalma01,30,D,NYR,72,3,7,10,9,34,2.8,3,0,0,0,6,0,1,70,4.3,1381,19:11,97,89,0,1,0.0
516,Brenden Dillon\dillobr01,26,D,SJS,81,2,8,10,-2,60,2.6,2,0,0,0,8,0,0,86,2.3,1334,16:28,81,173,0,0,
517,Alexei Emelin\emelial01,30,D,MTL,76,2,8,10,1,71,3.0,2,0,0,0,8,0,0,82,2.4,1620,21:19,127,241,0,0,
518,Josh Leivo\leivojo01,23,LW,TOR,13,2,8,10,2,4,1.1,1,1,0,0,6,2,0,27,7.4,163,12:34,4,5,1,1,50.0
519,Adam McQuaid\mcquaad01,30,D,BOS,77,2,8,10,4,71,3.3,2,0,0,1,7,0,1,64,3.1,1405,18:15,144,157,0,0,
520,Chad Ruhwedel\ruhwech01,26,D,PIT,34,2,8,10,9,8,2.1,2,0,0,0,5,3,0,45,4.4,589,17:20,26,36,0,0,
521,Chris Tanev\tanevch01,27,D,VAN,53,2,8,10,3,14,3.1,2,0,0,1,8,0,0,39,5.1,1078,20:21,91,19,0,0,
522,Jacob Josefson\josefja01,25,C,NJD,38,1,9,10,-1,16,0.6,1,0,0,1,8,1,0,44,2.3,465,12:15,12,31,162,151,51.8
523,Nikita Zadorov\zadorni01,21,D,COL,56,0,10,10,-20,73,0.8,0,0,0,0,8,2,0,61,0.0,1066,19:02,69,153,0,0,
524,Tyler Graovac\graovty01,23,C,MIN,52,7,2,9,7,10,1.1,7,0,0,2,2,0,0,48,14.6,512,9:50,15,52,163,180,47.5
525,Matt Puempel\puempma01,24,LW,TOT,40,6,3,9,-11,11,0.5,3,3,0,1,3,0,0,44,13.6,386,9:39,12,28,0,1,0.0
526,Matt Martin\martima02,27,LW,TOR,82,5,4,9,0,123,0.2,5,0,0,0,4,0,0,66,7.6,730,8:54,26,300,0,11,0.0
527,Brad Richardson\richabr02,31,RW,ARI,16,5,4,9,-1,15,1.1,3,0,2,0,3,0,1,25,20.0,246,15:21,7,19,121,109,52.6
528,Jack Skille\skillja01,29,RW,VAN,55,5,4,9,0,12,0.9,5,0,0,0,4,0,0,73,6.8,484,8:48,24,74,2,0,100.0
529,Nikita Soshnikov\soshnni01,23,RW,TOR,56,5,4,9,1,16,0.5,5,0,0,0,3,1,0,70,7.1,608,10:51,28,101,2,15,11.8
530,Michael Chaput\chapumi01,24,C,VAN,68,4,5,9,-12,29,-0.1,4,0,0,0,5,0,0,64,6.3,750,11:01,29,68,203,182,52.7
531,Devante Smith-Pelly\smithde06,24,RW,NJD,53,4,5,9,-19,12,-0.3,4,0,0,0,3,2,0,76,5.3,716,13:30,32,94,29,42,40.8
532,Joseph Blandisi\blandjo01,22,LW,NJD,27,3,6,9,-10,26,0.4,2,1,0,2,2,4,0,24,12.5,361,13:22,6,37,76,93,45.0
533,Brendan Smith\smithbr05,27,D,TOT,51,3,6,9,1,63,2.3,2,1,0,1,4,2,0,62,4.8,981,19:15,65,59,0,0,
534,Nail Yakupov\yakupna01,23,RW,STL,40,3,6,9,-3,14,0.5,3,0,0,0,6,0,0,35,8.6,426,10:39,8,32,0,0,
535,Daniel Carr\carrda01,25,LW,MTL,33,2,7,9,4,6,0.8,2,0,0,1,7,0,0,44,4.5,338,10:15,12,19,2,1,66.7
536,Scott Mayfield\mayfisc01,24,D,NYI,25,2,7,9,-1,35,1.3,2,0,0,0,7,0,0,39,5.1,354,14:08,36,37,0,0,
537,Johnny Oduya\oduyajo01,35,D,TOT,52,2,7,9,-4,18,1.4,2,0,0,0,7,0,0,37,5.4,950,18:16,123,29,0,0,
538,Michael Sgarbossa\sgarbmi01,24,C,TOT,38,2,7,9,-5,9,0.4,1,1,0,0,6,1,0,33,6.1,424,11:09,16,39,138,176,43.9
539,Shea Theodore\theodsh01,21,D,ANA,34,2,7,9,-6,28,1.4,1,1,0,1,5,1,1,60,3.3,589,17:19,30,14,0,0,
540,Nikita Tryamkin\tryamni01,22,D,VAN,66,2,7,9,-7,64,2.2,2,0,0,0,7,0,0,65,3.1,1105,16:44,87,145,0,0,
541,Jonathan Ericsson\ericsjo01,32,D,DET,51,1,8,9,-2,63,2.1,1,0,0,0,8,0,0,43,2.3,980,19:13,36,86,0,0,
542,Jason Garrison\garrija01,32,D,TBL,70,1,8,9,-8,14,1.8,1,0,0,0,8,0,0,96,1.0,1300,18:34,91,93,0,0,
543,Greg Pateryn\patergr01,26,D,TOT,36,1,8,9,-1,10,1.5,1,0,0,0,8,0,0,42,2.4,555,15:25,66,69,0,0,
544,Yanni Gourde\gourdya01,25,C,TBL,20,6,2,8,-1,8,1.0,5,0,1,1,2,0,0,30,20.0,307,15:22,3,11,60,103,36.8
545,William Carrier\carriwi01,22,LW,BUF,41,5,3,8,-1,21,0.8,5,0,0,1,3,0,0,50,10.0,369,9:00,10,112,1,1,50.0
546,Jay McClement\mccleja01,33,C,CAR,65,5,3,8,-8,18,0.0,4,0,1,1,3,0,0,37,13.5,740,11:23,40,49,253,272,48.2
547,Pierre-Edouard Bellemare\bellepi01,31,LW,PHI,82,4,4,8,-1,20,-0.4,4,0,0,0,3,0,1,90,4.4,1064,12:58,70,73,400,429,48.3
548,Joe Colborne\colbojo01,27,C,COL,62,4,4,8,-21,34,-0.5,2,2,0,0,3,1,0,48,8.3,663,10:42,14,86,45,72,38.5
549,Jayson Megna\megnaja01,26,C,VAN,58,4,4,8,-4,6,0.1,4,0,0,0,3,1,0,72,5.6,721,12:26,23,87,2,14,12.5
550,Jordan Nolan\nolanjo01,27,C,LAK,46,4,4,8,-3,44,0.5,4,0,0,0,4,0,0,39,10.3,499,10:51,7,62,2,4,33.3
551,Dennis Rasmussen\rasmude01,26,C,CHI,68,4,4,8,-4,12,-0.4,4,0,0,0,4,0,0,77,5.2,804,11:50,49,61,165,205,44.6
552,Zachary Sanford\sanfoza01,22,LW/C,TOT,39,4,4,8,2,10,0.7,4,0,0,2,4,0,0,36,11.1,423,10:51,20,22,17,22,43.6
553,Matt Beleskey\belesma01,28,LW,BOS,49,3,5,8,-10,47,-0.2,3,0,0,0,3,2,0,79,3.8,650,13:16,18,98,29,41,41.4
554,Connor Carrick\carrico01,22,D,TOR,67,2,6,8,8,51,2.3,1,1,0,0,6,0,0,89,2.2,1095,16:20,79,66,0,0,
555,Christian Folin\folinch01,25,D,MIN,51,2,6,8,10,26,2.3,2,0,0,0,6,0,0,39,5.1,762,14:56,59,69,0,0,
556,Michal Kempny\kempnmi01,26,D,CHI,50,2,6,8,1,22,1.6,2,0,0,0,6,0,0,67,3.0,748,14:58,59,76,0,0,
557,Dylan DeMelo\demeldy01,23,D,SJS,25,1,7,8,2,14,1.6,1,0,0,0,7,0,0,32,3.1,397,15:54,32,36,0,0,
558,Alexey Marchenko\marchal01,25,D,TOT,41,1,7,8,7,12,2.3,1,0,0,0,6,0,1,36,2.8,695,16:57,59,22,0,0,
559,Jesse Puljujarvi\puljuje01,18,RW,EDM,28,1,7,8,5,10,0.7,0,1,0,0,7,0,0,41,2.4,315,11:15,10,11,0,1,0.0
560,Luke Schenn\schenlu01,27,D,ARI,78,1,7,8,-9,85,1.7,1,0,0,0,7,0,0,94,1.1,1408,18:03,134,286,0,0,
561,Yannick Weber\weberya01,28,D,NSH,73,1,7,8,1,25,1.7,1,0,0,1,7,0,0,72,1.4,870,11:55,53,72,0,0,
562,Justin Falk\falkju01,28,D,BUF,52,0,8,8,-3,29,1.5,0,0,0,0,8,0,0,33,0.0,712,13:42,40,101,1,0,100.0
563,Paul Ladue\laduepa01,24,D,LAK,22,0,8,8,-5,4,1.0,0,0,0,0,4,4,0,27,0.0,339,15:24,13,17,0,0,
564,Chris Wagner\wagnech01,25,C,ANA,43,6,1,7,2,6,0.9,6,0,0,0,1,0,0,40,15.0,402,9:21,24,112,62,86,41.9
565,Drew Miller\milledr01,32,LW,DET,55,5,2,7,-12,18,0.0,5,0,0,1,2,0,0,43,11.6,565,10:17,52,71,2,1,66.7
566,Jamie Oleksiak\oleksja01,24,D,DAL,41,5,2,7,-4,37,1.4,5,0,0,1,1,0,1,33,15.2,665,16:13,53,51,0,0,
567,Ales Hemsky\hemskal01,33,RW,DAL,15,4,3,7,-1,0,0.8,3,1,0,0,2,1,0,30,13.3,216,14:25,4,1,0,0,
568,Matt Hendricks\hendrma01,35,LW,EDM,42,4,3,7,-3,29,0.3,4,0,0,1,3,0,0,42,9.5,451,10:45,39,79,132,100,56.9
569,Nick Lappin\lappini01,24,RW,NJD,43,4,3,7,-17,17,-0.2,4,0,0,0,3,0,0,57,7.0,504,11:43,10,35,2,5,28.6
570,Tyler Motte\mottety01,21,LW,CHI,33,4,3,7,2,14,0.6,4,0,0,0,3,0,0,46,8.7,376,11:23,24,27,4,6,40.0
571,Lance Bouma\boumala01,26,C,CGY,61,3,4,7,-2,35,-0.1,3,0,0,1,4,0,0,53,5.7,692,11:21,44,127,4,8,33.3
572,Joel Eriksson Ek\eriksjo02,20,LW,MIN,15,3,4,7,1,4,0.8,3,0,0,1,4,0,0,15,20.0,159,10:37,8,23,45,64,41.3
573,Andreas Martinsen\martian01,26,LW,TOT,64,3,4,7,-14,32,-0.4,3,0,0,0,3,0,1,73,4.1,637,9:57,28,173,3,1,75.0
574,Greg McKegg\mckeggr01,24,C,TOT,46,3,4,7,-3,22,0.3,3,0,0,0,4,0,0,36,8.3,456,9:54,16,48,90,90,50.0
575,John Mitchell\mitchjo01,32,C,COL,65,3,4,7,-12,45,-0.6,3,0,0,1,4,0,0,57,5.3,816,12:33,45,88,298,240,55.4
576,Steve Ott\ottst01,34,C,TOT,53,3,4,7,-8,80,-0.1,3,0,0,0,4,0,0,45,6.7,570,10:46,23,144,153,125,55.0
577,Carter Rowney\rowneca01,27,RW,PIT,27,3,4,7,2,4,0.6,3,0,0,1,4,0,0,24,12.5,296,10:58,15,64,95,103,48.0
578,Korbinian Holzer\holzeko01,28,D,ANA,32,2,5,7,0,23,1.5,2,0,0,0,5,0,0,14,14.3,432,13:31,34,71,0,0,
579,Markus Nutivaara\nutivma01,22,D,CBJ,66,2,5,7,7,6,2.2,2,0,0,0,5,0,0,66,3.0,872,13:13,38,36,0,0,
580,Nate Prosser\prossna01,30,D,MIN,39,2,5,7,0,12,1.2,2,0,0,0,4,1,0,20,10.0,496,12:44,63,30,0,0,
581,Steven Santini\santist01,21,D,NJD,38,2,5,7,-6,14,1.3,2,0,0,0,5,0,0,46,4.3,611,16:05,35,83,0,0,
582,Phillip Di Giuseppe\digiuph01,23,LW,CAR,36,1,6,7,-12,15,-0.3,1,0,0,1,5,1,0,68,1.5,443,12:18,10,91,0,2,0.0
583,Remi Elie\eliere01,21,LW,DAL,18,1,6,7,5,8,0.6,1,0,0,0,6,0,0,15,6.7,281,15:38,11,30,1,0,100.0
584,Kevin Gravel\graveke01,24,D,LAK,49,1,6,7,3,6,2.3,0,1,0,0,5,1,0,52,1.9,693,14:09,65,73,0,0,
585,Ben Lovejoy\lovejbe01,32,D,NJD,82,1,6,7,-7,39,2.5,1,0,0,1,6,0,0,84,1.2,1703,20:46,149,82,0,0,
586,Olli Maatta\maattol01,22,D,PIT,55,1,6,7,17,12,2.3,1,0,0,0,6,0,0,66,1.5,994,18:04,102,72,0,0,
587,Martin Marincin\marinma01,24,D,TOR,25,1,6,7,3,16,1.4,1,0,0,0,5,0,1,22,4.5,451,18:03,27,25,0,0,
588,Jared McCann\mccanja01,20,C,FLA,29,1,6,7,-1,4,0.3,1,0,0,0,5,1,0,44,2.3,337,11:38,6,28,41,64,39.0
589,Ryan Sproul\sproury01,24,D,DET,27,1,6,7,-8,6,0.7,0,1,0,0,4,2,0,46,2.2,409,15:09,14,12,0,0,
590,Anthony Bitetto\bitetan01,26,D,NSH,29,0,7,7,-1,25,0.9,0,0,0,0,7,0,0,17,0.0,342,11:48,24,43,0,0,
591,Taylor Fedun\fedunta01,28,D,BUF,27,0,7,7,3,16,1.5,0,0,0,0,4,3,0,24,0.0,361,13:22,20,7,0,0,
592,Cody McLeod\mcleoco01,32,LW,TOT,59,5,1,6,-3,145,0.4,5,0,0,0,1,0,0,30,16.7,423,7:10,14,150,0,1,0.0
593,Roman Lyubimov\lyubiro01,25,LW,PHI,47,4,2,6,-2,8,0.3,4,0,0,1,2,0,0,41,9.8,450,9:35,16,28,1,6,14.3
594,Evan Rodrigues\rodriev01,23,LW,BUF,30,4,2,6,-7,4,0.2,3,1,0,0,2,0,0,51,7.8,388,12:56,12,12,104,146,41.6
595,J.T. Brown\brownjt01,26,RW,TBL,64,3,3,6,-7,73,-0.4,2,0,1,1,3,0,0,67,4.5,664,10:22,25,103,12,26,31.6
596,Timo Meier\meierti01,20,RW,SJS,34,3,3,6,1,10,0.4,3,0,0,1,3,0,0,85,3.5,424,12:28,5,64,1,4,20.0
597,Gemel Smith\smithge02,22,C,DAL,17,3,3,6,-1,21,0.5,2,0,1,0,3,0,0,19,15.8,231,13:35,6,6,25,34,42.4
598,Jakub Vrana\vranaja01,20,LW,WSH,21,3,3,6,2,2,0.6,0,3,0,2,2,1,0,32,9.4,233,11:07,7,6,0,3,0.0
599,Klas Dahlbeck\dahlbkl01,25,D,CAR,43,2,4,6,-12,30,0.6,2,0,0,0,4,0,0,37,5.4,597,13:53,38,77,0,0,
600,Eric Gryba\grybaer01,28,D,EDM,40,2,4,6,-5,65,1.0,2,0,0,2,4,0,0,45,4.4,646,16:08,47,145,0,0,
601,Adrian Kempe\kempead01,20,LW,LAK,25,2,4,6,-3,6,0.4,2,0,0,1,1,2,1,32,6.3,306,12:14,7,23,67,86,43.8
602,Brandon Montour\montobr01,22,D,ANA,27,2,4,6,11,14,2.3,2,0,0,0,3,1,0,50,4.0,469,17:23,24,21,0,0,
603,Stephen Gionta\giontst01,33,RW,NYI,26,1,5,6,9,2,0.6,1,0,0,0,5,0,0,17,5.9,291,11:12,7,56,56,64,46.7
604,Josh Gorges\gorgejo01,32,D,BUF,66,1,5,6,-3,50,2.1,1,0,0,0,5,0,0,40,2.5,1218,18:27,108,143,0,1,0.0
605,Erik Gudbranson\gudbrer01,25,D,VAN,30,1,5,6,-14,18,0.5,1,0,0,1,5,0,0,40,2.5,610,20:20,44,66,0,0,
606,Brad Hunt\huntbr01,28,D,TOT,12,1,5,6,-1,2,0.9,0,1,0,0,4,1,0,14,7.1,174,14:30,3,0,0,0,
607,Jyrki Jokipakka\jokipjy01,25,D,TOT,41,1,5,6,-4,12,1.1,1,0,0,0,5,0,0,29,3.4,592,14:26,32,31,0,0,
608,Philip Larsen\larseph01,27,D,VAN,26,1,5,6,-8,4,0.7,1,0,0,0,3,2,0,32,3.1,428,16:28,22,12,0,0,
609,Jonathon Merrill\merrijo01,24,D,NJD,51,1,5,6,-9,24,1.3,1,0,0,0,5,0,0,48,2.1,947,18:34,67,39,0,0,
610,Carl Gunnarsson\gunnaca01,30,D,STL,56,0,6,6,-5,4,1.0,0,0,0,0,6,0,0,32,0.0,761,13:36,68,42,0,0,
611,Dalton Prout\proutda01,26,D,TOT,29,0,6,6,-1,44,1.0,0,0,0,0,6,0,0,13,0.0,405,13:58,24,44,0,0,
612,Matt Tennyson\tennyma01,26,D,CAR,45,0,6,6,-13,6,0.3,0,0,0,0,6,0,0,36,0.0,598,13:17,48,65,0,0,
613,Brock Boeser\boesebr01,19,RW,VAN,9,4,1,5,0,0,0.8,2,2,0,1,1,0,0,25,16.0,146,16:13,0,5,0,0,
614,J.T. Compher\comphj.01,21,LW,COL,21,3,2,5,0,4,0.4,2,1,0,1,2,0,0,30,10.0,314,14:56,21,11,78,86,47.6
615,Noel Acciari\acciano01,25,C,BOS,29,2,3,5,3,16,0.5,2,0,0,0,3,0,0,24,8.3,301,10:22,5,80,11,18,37.9
616,Kyle Connor\connoky01,20,LW,WPG,20,2,3,5,-7,4,0.0,2,0,0,1,1,2,0,24,8.3,244,12:13,8,1,1,1,50.0
617,Gustav Forsling\forslgu02,20,D,CHI,38,2,3,5,3,4,1.3,2,0,0,0,2,1,0,48,4.2,563,14:49,17,16,0,0,
618,Jimmy Hayes\hayesji01,27,RW,BOS,58,2,3,5,-3,29,-0.1,2,0,0,1,3,0,0,74,2.7,535,9:14,10,74,14,41,25.5
619,Dmitry Kulikov\kulikdm01,26,D,BUF,47,2,3,5,-26,26,-0.1,1,1,0,0,1,2,0,42,4.8,1029,21:54,72,60,0,0,
620,Tyler Myers\myersty01,26,D,WPG,11,2,3,5,5,13,1.2,2,0,0,0,2,0,1,16,12.5,244,22:12,21,12,0,0,
621,Taylor Chorney\chornta01,29,D,WSH,18,1,4,5,8,11,1.5,1,0,0,1,4,0,0,19,5.3,257,14:16,29,27,0,0,
622,Tom Gilbert\gilbeto01,34,D,LAK,18,1,4,5,-4,6,0.8,1,0,0,0,3,1,0,12,8.3,278,15:27,28,10,0,0,
623,Garnet Hathaway\hathaga01,25,RW,CGY,26,1,4,5,0,44,0.3,1,0,0,0,4,0,0,22,4.5,238,9:08,14,56,10,9,52.6
624,Julius Honka\honkaju01,21,D,DAL,16,1,4,5,-4,4,0.5,1,0,0,1,3,1,0,34,2.9,270,16:52,15,9,0,0,
625,Michael McCarron\mccarmi01,21,RW,MTL,31,1,4,5,-4,41,0.0,1,0,0,0,4,0,0,31,3.2,307,9:53,11,75,76,99,43.4
626,Andrej Nestrasil\nestran01,25,C,CAR,19,1,4,5,-3,2,0.2,1,0,0,0,4,0,0,27,3.7,207,10:54,6,10,3,7,30.0
627,Brendan Gaunce\gauncbr01,22,LW,VAN,57,0,5,5,-2,33,-0.3,0,0,0,0,5,0,0,51,0.0,541,9:29,12,94,84,80,51.2
628,Cody Goloubef\golouco01,27,D,COL,33,0,5,5,-11,25,0.4,0,0,0,0,5,0,0,35,0.0,561,16:59,33,30,0,0,
629,Seth Griffith\griffse01,24,C,TOT,24,0,5,5,6,8,0.3,0,0,0,0,4,1,0,21,0.0,306,12:44,5,30,2,6,25.0
630,John-Michael Liles\lilesjo01,36,D,BOS,36,0,5,5,1,4,1.3,0,0,0,0,2,3,0,36,0.0,583,16:12,41,25,2,0,100.0
631,Zach Redmond\redmoza01,28,D,MTL,16,0,5,5,6,2,1.2,0,0,0,0,5,0,0,12,0.0,197,12:19,13,25,0,0,
632,Nicholas Baptiste\baptini01,21,RW,BUF,14,3,1,4,1,6,0.6,3,0,0,0,1,0,0,16,18.8,129,9:14,1,12,1,2,33.3
633,Chris Thorburn\thorbch01,33,RW,WPG,64,3,1,4,-7,95,-0.4,2,0,1,0,1,0,0,36,8.3,446,6:59,25,90,13,13,50.0
634,Yohann Auvitu\auvityo01,27,D,NJD,25,2,2,4,1,2,1.3,2,0,0,0,1,1,0,54,3.7,390,15:36,9,20,0,0,
635,Justin Bailey\baileju01,21,RW,BUF,32,2,2,4,0,4,0.1,2,0,0,1,2,0,0,36,5.6,340,10:38,14,27,0,1,0.0
636,Ryan Callahan\callary01,31,RW,TBL,18,2,2,4,-4,23,0.1,2,0,0,1,2,0,0,22,9.1,255,14:09,13,48,5,4,55.6
637,Ryan Carpenter\carpery01,26,C,SJS,11,2,2,4,5,4,0.7,2,0,0,0,2,0,0,20,10.0,114,10:23,2,15,34,41,45.3
638,Gabriel Dumont\dumonga01,26,C,TBL,39,2,2,4,1,29,0.1,2,0,0,0,2,0,0,34,5.9,377,9:40,19,83,133,109,55.0
639,Vernon Fiddler\fiddlve01,36,LW,TOT,59,2,2,4,-15,66,-1.0,1,0,1,0,2,0,0,48,4.2,687,11:39,33,57,370,316,53.9
640,Sergey Kalinin\kalinse01,25,C,NJD,43,2,2,4,-14,15,-0.7,2,0,0,0,2,0,0,38,5.3,550,12:48,20,53,72,102,41.4
641,Brayden McNabb\mcnabbr01,26,D,LAK,49,2,2,4,1,54,2.0,2,0,0,0,2,0,0,47,4.3,738,15:04,54,110,0,0,
642,Iiro Pakarinen\pakarii01,25,RW,EDM,14,2,2,4,2,2,0.5,2,0,0,1,2,0,0,15,13.3,125,8:55,6,30,0,1,0.0
643,Ben Smith\smithbe01,28,RW,TOT,40,2,2,4,-7,4,-0.4,2,0,0,0,2,0,0,30,6.7,459,11:28,41,29,241,227,51.5
644,Mark Stuart\stuarma01,32,D,WPG,42,2,2,4,4,27,1.1,2,0,0,1,2,0,0,24,8.3,523,12:27,79,68,0,0,
645,Brandon Tanev\tanevbr01,25,LW,WPG,51,2,2,4,-6,26,-0.6,2,0,0,1,2,0,0,54,3.7,545,10:41,31,128,1,0,100.0
646,Chris Terry\terrych01,27,LW,MTL,14,2,2,4,-1,4,0.4,2,0,0,0,2,0,0,15,13.3,138,9:53,1,10,1,1,50.0
647,Shawn Thornton\thornsh01,39,LW,FLA,50,2,2,4,-7,67,-0.2,2,0,0,0,2,0,0,42,4.8,384,7:41,8,52,5,10,33.3
648,Harry Zolnierczyk\zolniha01,29,LW,NSH,24,2,2,4,-2,10,0.2,2,0,0,0,2,0,0,19,10.5,213,8:52,11,25,8,11,42.1
649,Robert Bortuzzo\borturo01,27,D,STL,38,1,3,4,11,15,2.0,1,0,0,0,3,0,0,45,2.2,535,14:05,50,77,0,0,
650,Cory Conacher\conacco01,27,LW,TBL,11,1,3,4,0,4,0.3,0,1,0,0,3,0,0,16,6.3,127,11:34,0,1,1,1,50.0
651,Derek Dorsett\dorsede01,30,RW,VAN,14,1,3,4,-6,33,0.1,1,0,0,0,3,0,0,24,4.2,139,9:56,6,35,1,0,100.0
652,Cameron Gaunce\gauncca01,26,D,PIT,12,1,3,4,1,13,0.6,1,0,0,0,3,0,0,8,12.5,150,12:31,10,23,0,0,
653,John Hayden\haydejo01,21,LW,CHI,12,1,3,4,3,4,0.4,1,0,0,0,3,0,0,22,4.5,140,11:41,2,44,0,0,
654,Anton Lander\landean01,25,C,EDM,22,1,3,4,2,6,0.3,1,0,0,0,3,0,0,12,8.3,215,9:46,7,28,79,62,56.0
655,Curtis Lazar\lazarcu01,21,RW,TOT,37,1,3,4,-8,4,-0.3,1,0,0,0,3,0,0,26,3.8,338,9:08,17,66,39,60,39.4
656,Chris Neil\neilch01,37,RW,OTT,53,1,3,4,-11,63,-0.6,1,0,0,0,3,0,0,42,2.4,401,7:34,20,108,0,0,
657,John Quenneville\quennjo02,20,C,NJD,12,1,3,4,1,2,0.4,0,1,0,0,2,1,0,21,4.8,164,13:42,7,15,0,0,
658,Marcus Sorensen\sorenma01,24,RW,SJS,19,1,3,4,-1,4,0.2,1,0,0,1,3,0,0,27,3.7,205,10:49,6,15,3,1,75.0
659,Derek Grant\grantde01,26,C,TOT,46,0,4,4,-5,24,-0.5,0,0,0,0,4,0,0,40,0.0,449,9:46,29,27,200,183,52.2
660,Jakub Kindl\kindlja01,29,D,FLA,39,0,4,4,-11,28,0.2,0,0,0,0,4,0,0,41,0.0,573,14:41,37,49,0,0,
661,Slater Koekkoek\koekksl01,22,D,TBL,29,0,4,4,-4,8,0.5,0,0,0,0,4,0,0,27,0.0,377,12:59,27,25,0,0,
662,Nick Schultz\schulni01,34,D,PHI,28,0,4,4,1,10,1.1,0,0,0,0,4,0,0,25,0.0,427,15:15,61,45,0,0,
663,Luke Witkowski\witkolu01,26,D,TBL,34,0,4,4,-1,39,0.7,0,0,0,0,4,0,0,24,0.0,336,9:52,21,81,0,0,
664,Josh Archibald\archijo01,24,RW,PIT,10,3,0,3,3,4,0.6,2,0,1,0,0,0,0,11,27.3,109,10:52,2,28,0,1,0.0
665,Adam Erne\ernead01,21,LW,TBL,26,3,0,3,-9,11,-0.2,3,0,0,0,0,0,0,40,7.5,307,11:48,13,71,0,2,0.0
666,Christian Fischer\fischch01,19,RW,ARI,7,3,0,3,0,0,0.5,3,0,0,1,0,0,0,10,30.0,86,12:20,0,9,0,0,
667,Nikolay Goldobin\goldoni01,21,RW/LW,TOT,14,3,0,3,0,0,0.4,3,0,0,1,0,0,0,14,21.4,159,11:22,4,1,0,0,
668,Michael Bournival\bournmi01,24,LW,TBL,19,2,1,3,-3,2,0.1,2,0,0,0,1,0,0,25,8.0,193,10:09,8,31,1,2,33.3
669,Laurent Dauphin\dauphla01,21,C,ARI,24,2,1,3,-2,12,0.0,1,0,1,1,1,0,0,32,6.3,262,10:55,11,32,37,45,45.1
670,Ryan Garbutt\garbury01,31,LW,ANA,27,2,1,3,-3,20,0.0,2,0,0,1,0,0,1,26,7.7,247,9:10,12,53,7,4,63.6
671,Frederik Gauthier\gauthfr01,21,C,TOR,21,2,1,3,2,23,0.3,2,0,0,0,1,0,0,15,13.3,204,9:42,17,17,120,115,51.1
672,Shane Harper\harpesh01,27,RW,FLA,14,2,1,3,-1,18,0.3,2,0,0,0,1,0,0,13,15.4,144,10:18,0,19,0,0,
673,Kyle Rau\rauky01,24,C,FLA,24,2,1,3,-3,4,0.1,2,0,0,0,1,0,0,21,9.5,230,9:36,3,24,2,1,66.7
674,Jordin Tootoo\tootojo01,33,RW,CHI,50,2,1,3,-6,28,-0.3,2,0,0,0,1,0,0,43,4.7,337,6:45,8,52,1,0,100.0
675,Kenny Agostino\agostke01,24,LW,STL,7,1,2,3,0,2,0.3,1,0,0,0,1,1,0,17,5.9,89,12:47,3,9,0,0,
676,Mark Borowiecki\borowma01,27,D,OTT,70,1,2,3,-3,154,1.3,1,0,0,0,2,0,0,50,2.0,981,14:01,90,364,1,0,100.0
677,Zac Dalpe\dalpeza01,27,C,MIN,9,1,2,3,0,9,0.3,1,0,0,0,2,0,0,8,12.5,77,8:33,5,5,27,32,45.8
678,Scott Harrington\harrisc01,23,D,CBJ,22,1,2,3,3,10,0.9,1,0,0,0,2,0,0,16,6.3,286,13:00,24,21,0,0,
679,Michal Rozsival\rozsimi01,38,D,CHI,22,1,2,3,-3,14,0.4,1,0,0,1,2,0,0,16,6.3,341,15:30,25,47,0,0,
680,Clayton Stoner\stonecl01,31,D,ANA,14,1,2,3,0,28,0.7,1,0,0,0,2,0,0,16,6.3,246,17:33,17,35,0,0,
681,Alex Biega\biegaal01,28,D,VAN,36,0,3,3,-4,18,0.7,0,0,0,0,3,0,0,37,0.0,474,13:10,24,97,0,0,
682,Jared Boll\bollja01,30,RW,ANA,51,0,3,3,-3,87,-0.3,0,0,0,0,3,0,0,13,0.0,297,5:49,14,68,0,1,0.0
683,Brandon Davidson\davidbr01,25,D,TOT,38,0,3,3,-2,20,0.7,0,0,0,0,3,0,0,42,0.0,597,15:43,61,42,0,0,
684,Brett Kulak\kulakbr01,23,D,CGY,21,0,3,3,-3,12,0.4,0,0,0,0,3,0,0,19,0.0,299,14:15,13,14,0,0,
685,Patrik Nemeth\nemetpa01,24,D,DAL,40,0,3,3,-4,14,0.3,0,0,0,0,3,0,0,46,0.0,631,15:47,47,45,0,0,
686,Gustav Olofsson\olofsgu01,22,D,MIN,13,0,3,3,-1,2,0.3,0,0,0,0,2,1,0,7,0.0,175,13:29,16,10,0,0,
687,Karl Stollery\stollka01,29,D,NJD,11,0,3,3,-5,13,0.2,0,0,0,0,0,3,0,11,0.0,186,16:55,16,26,0,0,
688,Paul Thompson\thomppa02,28,RW,FLA,21,0,3,3,-4,22,-0.1,0,0,0,0,3,0,0,19,0.0,166,7:54,16,48,0,1,0.0
689,Joel Vermin\vermijo01,24,RW,TBL,18,0,3,3,2,4,0.1,0,0,0,0,3,0,0,12,0.0,197,10:56,7,17,2,1,66.7
690,Jason Dickinson\dickija01,21,C,DAL,10,2,0,2,-3,0,0.1,2,0,0,0,0,0,0,9,22.2,118,11:47,4,8,4,9,30.8
691,Freddie Hamilton\hamilfr01,25,C,CGY,26,2,0,2,-3,8,-0.1,2,0,0,1,0,0,0,30,6.7,254,9:47,1,46,75,51,59.5
692,Teemu Pulkkinen\pulkkte01,25,LW,TOT,13,2,0,2,-2,6,0.1,2,0,0,0,0,0,0,10,20.0,124,9:30,3,4,0,1,0.0
693,Pontus Aberg\abergpo01,23,LW,NSH,15,1,1,2,-2,4,-0.1,1,0,0,0,1,0,0,12,8.3,185,12:20,2,9,1,0,100.0
694,Matt Bartkowski\bartkma01,28,D,CGY,24,1,1,2,-4,26,0.4,1,0,0,0,1,0,0,16,6.3,369,15:23,12,46,0,0,
695,Anton Blidh\blidhan01,21,LW,BOS,19,1,1,2,-2,7,0.0,1,0,0,0,1,0,0,26,3.8,167,8:47,4,41,0,0,
696,Blake Coleman\colembl01,25,C,NJD,23,1,1,2,-7,27,-0.4,1,0,0,0,1,0,0,29,3.4,295,12:51,15,51,96,130,42.5
697,Tanner Glass\glassta01,33,LW,NYR,11,1,1,2,0,17,0.1,1,0,0,0,1,0,0,8,12.5,120,10:55,4,37,2,0,100.0
698,Matt Greene\greenma01,33,D,LAK,26,1,1,2,3,19,1.2,1,0,0,0,1,0,0,14,7.1,343,13:11,27,71,0,0,
699,Markus Hannikainen\hannima01,23,LW,CBJ,10,1,1,2,0,6,0.2,1,0,0,0,1,0,0,8,12.5,91,9:08,5,16,0,0,
700,Steven Kampfer\kampfst01,28,D,TOT,11,1,1,2,-2,6,0.2,1,0,0,0,1,0,0,10,10.0,146,13:15,10,24,0,0,
701,Taylor Leier\leierta01,22,LW,PHI,10,1,1,2,-1,4,0.1,1,0,0,0,1,0,0,7,14.3,91,9:04,0,7,0,1,0.0
702,Milan Michalek\michami01,32,LW,TOR,5,1,1,2,-2,2,0.1,1,0,0,0,1,0,0,6,16.7,71,14:16,9,7,0,1,0.0
703,Mirco Mueller\muellmi01,21,D,SJS,4,1,1,2,2,0,0.5,1,0,0,0,1,0,0,3,33.3,38,9:36,3,2,0,0,
704,Matthew Peca\pecama01,23,C,TBL,10,1,1,2,-3,2,0.0,1,0,0,0,1,0,0,9,11.1,114,11:27,2,9,32,40,44.4
705,Nate Thompson\thompna01,32,C,ANA,30,1,1,2,4,14,0.0,1,0,0,0,1,0,0,19,5.3,312,10:23,9,69,130,115,53.1
706,Andy Andreoff\andrean01,25,LW,LAK,36,0,2,2,-2,70,-0.4,0,0,0,0,2,0,0,38,0.0,381,10:36,7,70,41,28,59.4
707,Jonny Brodzinski\brodzjo01,23,C,LAK,6,0,2,2,2,2,0.2,0,0,0,0,2,0,0,17,0.0,74,12:17,4,10,0,0,
708,Peter Cehlarik\cehlape01,21,LW,BOS,11,0,2,2,0,0,0.0,0,0,0,0,1,1,0,8,0.0,153,13:55,4,7,2,1,66.7
709,Nicolas Deslauriers\deslani01,25,LW,BUF,42,0,2,2,-6,38,-0.5,0,0,0,0,2,0,0,26,0.0,311,7:25,5,109,0,3,0.0
710,Justin Dowling\dowliju01,26,C,DAL,9,0,2,2,0,2,0.0,0,0,0,0,1,1,0,11,0.0,94,10:28,0,1,38,31,55.1
711,Mark Fayne\faynema01,29,D,EDM,4,0,2,2,1,0,0.3,0,0,0,0,2,0,0,4,0.0,32,7:55,2,1,0,0,
712,Marek Hrivik\hrivima01,25,LW,NYR,16,0,2,2,-3,2,-0.2,0,0,0,0,1,1,0,15,0.0,167,10:25,5,19,32,48,40.0
713,Charles Hudon\hudonch01,22,LW,MTL,3,0,2,2,1,2,0.2,0,0,0,0,2,0,0,3,0.0,36,11:56,0,11,0,0,
714,Clayton Keller\kellecl01,18,LW,ARI,3,0,2,2,-3,0,0.0,0,0,0,0,1,1,0,0,,38,12:40,0,0,0,0,
715,Julian Melchiori\melchju01,25,D,WPG,18,0,2,2,0,8,0.3,0,0,0,0,2,0,0,15,0.0,331,18:22,31,30,0,0,
716,Ryan Murphy\murphry01,23,D,CAR,27,0,2,2,-11,8,-0.3,0,0,0,0,2,0,0,17,0.0,356,13:10,31,2,0,0,
717,Teddy Purcell\purcete01,31,LW,LAK,12,0,2,2,0,0,0.0,0,0,0,0,2,0,0,10,0.0,155,12:54,2,7,3,0,100.0
718,Ty Rattie\rattity01,23,RW,TOT,9,0,2,2,-2,0,0.0,0,0,0,0,2,0,0,10,0.0,97,10:44,4,10,0,0,
719,Jordan Schmaltz\schmajo01,23,D,STL,9,0,2,2,0,4,0.4,0,0,0,0,1,1,0,5,0.0,129,14:20,10,4,0,0,
720,Tom Sestito\sestito01,29,LW,PIT,13,0,2,2,0,48,0.1,0,0,0,0,2,0,0,3,0.0,72,5:32,2,19,0,0,
721,Drew Shore\shoredr01,26,C,VAN,14,0,2,2,-3,4,-0.1,0,0,0,0,2,0,0,11,0.0,168,11:58,3,22,38,33,53.5
722,Brian Strait\straibr01,29,D,WPG,5,0,2,2,-1,0,0.2,0,0,0,0,2,0,0,3,0.0,80,15:56,8,5,0,0,
723,Lucas Wallmark\wallmlu01,21,C,CAR,8,0,2,2,1,2,0.1,0,0,0,0,2,0,0,11,0.0,87,10:52,3,14,31,27,53.4
724,Bryan Bickell\bickebr01,30,LW,CAR,11,1,0,1,-4,4,-0.1,0,1,0,1,0,0,0,8,12.5,115,10:26,3,16,0,2,0.0
725,Boyd Gordon\gordobo01,33,C,PHI,13,1,0,1,-5,2,-0.2,1,0,0,0,0,0,0,8,12.5,106,8:11,7,4,48,38,55.8
726,Seth Helgeson\helgese01,26,D,NJD,9,1,0,1,2,15,0.6,1,0,0,0,0,0,0,3,33.3,121,13:28,11,16,0,0,
727,Samuel Henley\henlesa01,23,C,COL,1,1,0,1,1,2,0.3,1,0,0,0,0,0,0,1,100.0,5,5:18,0,2,0,1,0.0
728,Tyson Jost\jostty01,18,C,COL,6,1,0,1,-5,0,-0.1,1,0,0,0,0,0,0,9,11.1,94,15:41,3,3,28,42,40.0
729,Tomas Jurco\jurcoto01,24,LW/RW,TOT,29,1,0,1,-12,4,-0.8,1,0,0,0,0,0,0,35,2.9,308,10:38,9,21,0,1,0.0
730,Kasperi Kapanen\kapanka01,20,RW,TOR,8,1,0,1,-2,0,0.0,1,0,0,0,0,0,0,11,9.1,86,10:42,2,6,0,0,
731,Jujhar Khaira\khairju01,22,LW,EDM,10,1,0,1,1,2,0.1,1,0,0,1,0,0,0,10,10.0,93,9:15,5,20,7,12,36.8
732,Colin McDonald\mcdonco01,32,C,PHI,3,1,0,1,1,0,0.2,1,0,0,0,0,0,0,5,20.0,27,9:01,0,9,0,1,0.0
733,Dylan McIlrath\mcilrdy01,24,D,TOT,6,1,0,1,-2,14,0.1,1,0,0,0,0,0,0,3,33.3,57,9:31,4,15,0,0,
734,Wade Megan\meganwa01,26,C,STL,3,1,0,1,1,0,0.2,1,0,0,0,0,0,0,6,16.7,26,8:48,0,2,13,14,48.1
735,Tomas Nosek\nosekto01,24,LW,DET,11,1,0,1,-1,2,0.0,1,0,0,0,0,0,0,19,5.3,111,10:07,5,10,37,31,54.4
736,Daniel O'Regan\oregada01,23,C,SJS,3,1,0,1,-2,0,0.1,0,1,0,0,0,0,0,5,20.0,35,11:33,1,1,14,17,45.2
737,Mike Reilly\reillmi01,23,D,MIN,17,1,0,1,1,2,0.4,1,0,0,0,0,0,0,19,5.3,210,12:23,8,2,0,0,
738,Nikita Scherbak\scherni01,21,RW,MTL,3,1,0,1,1,0,0.2,0,1,0,0,0,0,0,3,33.3,34,11:23,1,0,0,0,
739,Vladimir Sobotka\sobotvl01,29,LW,STL,1,1,0,1,0,0,0.2,1,0,0,0,0,0,0,2,50.0,17,16:41,0,0,6,6,50.0
740,Valentin Zykov\zykovva01,21,LW,CAR,2,1,0,1,1,0,0.2,1,0,0,0,0,0,0,3,33.3,13,6:15,0,0,0,0,
741,Christoph Bertschy\bertsch02,22,C,MIN,5,0,1,1,0,4,0.0,0,0,0,0,1,0,0,5,0.0,41,8:08,3,7,0,0,
742,Matt Carle\carlema01,32,D,NSH,6,0,1,1,-1,0,0.1,0,0,0,0,1,0,0,2,0.0,79,13:09,5,3,0,0,
743,Gabriel Carlsson\carlsga01,20,D,CBJ,2,0,1,1,-2,0,0.0,0,0,0,0,1,0,0,3,0.0,34,17:08,2,5,0,0,
744,Kevin Connauton\connake01,26,D,ARI,24,0,1,1,-1,24,0.4,0,0,0,0,1,0,0,21,0.0,315,13:08,22,48,0,0,
745,Andrew Desjardins\desjaan01,30,LW,CHI,46,0,1,1,-6,22,-1.0,0,0,0,0,1,0,0,46,0.0,432,9:24,17,73,39,30,56.5
746,Hudson Fasching\faschhu01,21,RW,BUF,10,0,1,1,-1,2,-0.1,0,0,0,0,1,0,0,6,0.0,104,10:25,2,17,0,0,
747,Kurtis Gabriel\gabriku01,23,RW,MIN,13,0,1,1,0,29,0.0,0,0,0,0,1,0,0,3,0.0,76,5:49,1,26,0,0,
748,Tyler Gaudet\gaudety01,23,C,ARI,4,0,1,1,0,0,0.0,0,0,0,0,1,0,0,3,0.0,52,12:59,1,3,14,21,40.0
749,Frederick Gaudreau\gaudrfr01,23,C,NSH,9,0,1,1,1,0,0.0,0,0,0,0,1,0,0,8,0.0,78,8:40,5,1,4,8,33.3
750,Eric Gelinas\geliner01,25,D,COL,27,0,1,1,-4,12,0.2,0,0,0,0,1,0,0,29,0.0,313,11:35,16,32,0,1,0.0
751,Barclay Goodrow\goodrba01,23,RW,SJS,3,0,1,1,0,0,0.1,0,0,0,0,1,0,0,3,0.0,34,11:18,1,3,0,0,
752,A.J. Greer\greeraj01,20,LW,COL,5,0,1,1,-2,4,-0.1,0,0,0,0,1,0,0,8,0.0,68,13:39,3,4,0,0,
753,Rocco Grimaldi\grimaro01,23,C,COL,4,0,1,1,-3,2,-0.1,0,0,0,0,1,0,0,11,0.0,44,11:00,4,1,0,0,
754,Sean Kuraly\kuralse01,24,C,BOS,8,0,1,1,-1,2,0.0,0,0,0,0,1,0,0,11,0.0,74,9:12,1,9,1,2,33.3
755,Matthew Lorito\loritma01,26,LW,DET,2,0,1,1,0,0,0.1,0,0,0,0,1,0,0,6,0.0,29,14:26,0,0,0,0,
756,Ian McCoshen\mccosia01,21,D,FLA,3,0,1,1,0,0,0.2,0,0,0,0,1,0,0,0,,40,13:15,2,3,0,0,
757,Joseph Morrow\morrojo02,24,D,BOS,17,0,1,1,-4,8,0.1,0,0,0,0,1,0,0,19,0.0,264,15:32,19,29,0,0,
758,Alexander Nylander\nylanal01,18,RW,BUF,4,0,1,1,-2,0,0.0,0,0,0,0,1,0,0,4,0.0,49,12:20,2,1,0,2,0.0
759,Cal O'Reilly\oreilca01,30,C,BUF,11,0,1,1,-6,0,-0.3,0,0,0,0,1,0,0,3,0.0,87,7:56,3,2,32,34,48.5
760,Steven Oleksy\oleksst01,30,D,PIT,11,0,1,1,2,24,0.3,0,0,0,0,1,0,0,11,0.0,151,13:42,19,20,0,0,
761,Blake Pietila\pietibl01,23,LW,NJD,10,0,1,1,-5,4,-0.3,0,0,0,0,1,0,0,9,0.0,130,13:02,5,16,23,22,51.1
762,Anton Rodin\rodinan01,26,RW,VAN,3,0,1,1,1,0,0.1,0,0,0,0,1,0,0,2,0.0,27,8:55,1,0,0,0,
763,Cole Schneider\schneco02,26,LW,BUF,4,0,1,1,2,0,0.2,0,0,0,0,1,0,0,6,0.0,29,7:09,2,3,0,0,
764,Hunter Shinkaruk\shinkhu01,22,LW,CGY,7,0,1,1,-3,2,-0.1,0,0,0,0,1,0,0,5,0.0,74,10:35,3,3,0,0,
765,Dominik Simon\simondo01,22,C,PIT,2,0,1,1,-1,0,0.0,0,0,0,0,1,0,0,2,0.0,26,13:03,0,2,0,0,
766,C.J. Smith\smithcj01,22,LW,BUF,2,0,1,1,-1,0,0.0,0,0,0,0,1,0,0,2,0.0,23,11:32,0,0,0,0,
767,Nick Sorensen\sorenni01,22,RW,ANA,5,0,1,1,-1,2,0.0,0,0,0,0,1,0,0,7,0.0,54,10:53,3,2,1,0,100.0
768,Ben Street\streebe01,29,C,DET,6,0,1,1,1,0,0.1,0,0,0,0,1,0,0,8,0.0,50,8:15,0,3,0,0,
769,Dylan Strome\stromdy01,19,C,ARI,7,0,1,1,-5,0,-0.3,0,0,0,0,1,0,0,6,0.0,96,13:41,2,3,31,46,40.3
770,Sergey Tolchinsky\tolchse01,21,LW,CAR,2,0,1,1,0,0,0.1,0,0,0,0,1,0,0,2,0.0,23,11:29,0,0,0,0,
771,Jake Virtanen\virtaja01,20,RW,VAN,10,0,1,1,1,2,0.0,0,0,0,0,1,0,0,13,0.0,101,10:09,4,17,3,0,100.0
772,David Warsofsky\warsoda01,26,D,PIT,7,0,1,1,-3,6,-0.1,0,0,0,0,1,0,0,14,0.0,110,15:44,12,3,0,0,
773,Spencer Abbott\abbotsp01,28,LW,CHI,1,0,0,0,0,0,0.0,0,0,0,0,0,0,0,1,0.0,9,8:34,0,0,0,0,
774,Rasmus Andersson\anderra01,20,D,CGY,1,0,0,0,-1,0,-0.1,0,0,0,0,0,0,0,0,,19,18:33,2,4,0,0,
775,Brady Austin\austibr01,23,D,BUF,5,0,0,0,0,4,0.1,0,0,0,0,0,0,0,8,0.0,80,16:05,0,6,0,0,
776,Casey Bailey\baileca01,25,RW,OTT,7,0,0,0,-1,0,-0.1,0,0,0,0,0,0,0,10,0.0,56,8:00,4,4,0,1,0.0
777,Riley Barber\barberi01,22,RW,WSH,3,0,0,0,0,0,0.0,0,0,0,0,0,0,0,2,0.0,26,8:35,0,1,0,0,
778,Mathew Barzal\barzama01,19,C,NYI,2,0,0,0,-2,6,-0.1,0,0,0,0,0,0,0,0,,20,9:45,0,1,6,7,46.2
779,Cody Bass\bassco01,30,C,NSH,9,0,0,0,-1,19,-0.1,0,0,0,0,0,0,0,1,0.0,61,6:46,4,14,0,2,0.0
780,Taylor Beck\beckta01,25,LW,TOT,5,0,0,0,-3,4,-0.2,0,0,0,0,0,0,0,5,0.0,44,8:49,0,5,0,1,0.0
781,Tyler Bertuzzi\bertuty01,21,LW,DET,7,0,0,0,-1,0,-0.1,0,0,0,0,0,0,0,3,0.0,64,9:06,0,12,1,1,50.0
782,Mike Blunden\blundmi01,30,RW,OTT,2,0,0,0,0,4,0.0,0,0,0,0,0,0,0,1,0.0,16,8:07,0,6,0,0,
783,Gabriel Bourque\bourqga01,26,LW,COL,6,0,0,0,0,0,-0.1,0,0,0,0,0,0,0,4,0.0,67,11:12,6,17,0,1,0.0
784,Patrick Brown\brownpa02,24,C,CAR,14,0,0,0,-6,0,-0.5,0,0,0,0,0,0,0,12,0.0,136,9:43,5,30,9,6,60.0
785,Erik Burgdoerfer\burgder01,28,D,BUF,2,0,0,0,-1,0,-0.1,0,0,0,0,0,0,0,2,0.0,22,11:10,0,5,0,0,
786,Chris Butler\butlech01,30,D,STL,1,0,0,0,0,0,0.0,0,0,0,0,0,0,0,1,0.0,21,21:28,2,0,0,0,
787,Mitch Callahan\callami01,25,RW,DET,4,0,0,0,0,0,0.0,0,0,0,0,0,0,0,2,0.0,27,6:49,2,3,0,0,
788,Patrick Cannone\cannopa01,30,C,MIN,3,0,0,0,0,0,0.0,0,0,0,0,0,0,0,2,0.0,24,7:53,1,2,11,10,52.4
789,Paul Carey\careypa01,28,C,WSH,6,0,0,0,-2,0,-0.2,0,0,0,0,0,0,0,8,0.0,63,10:29,1,5,0,0,
790,Alexandre Carrier\carrial01,20,D,NSH,2,0,0,0,1,0,0.1,0,0,0,0,0,0,0,1,0.0,21,10:24,1,0,0,0,
791,Thomas Chabot\chaboth01,20,D,OTT,1,0,0,0,-2,0,-0.2,0,0,0,0,0,0,0,1,0.0,7,7:09,0,1,0,0,
792,Erik Condra\condrer01,30,RW,TBL,13,0,0,0,-4,4,-0.4,0,0,0,0,0,0,0,8,0.0,125,9:38,7,5,1,0,100.0
793,Frank Corrado\corrafr01,23,D,TOT,4,0,0,0,-1,8,-0.1,0,0,0,0,0,0,0,3,0.0,43,10:46,2,4,0,0,
794,Jacob de La Rose\delarja01,21,LW,MTL,9,0,0,0,-3,4,-0.3,0,0,0,0,0,0,0,4,0.0,98,10:54,5,23,17,17,50.0
795,Jean-Sebastien Dea\deaje01,22,C,PIT,1,0,0,0,0,2,0.0,0,0,0,0,0,0,0,1,0.0,11,11:18,0,3,1,1,50.0
796,Simon Despres\desprsi01,25,D,ANA,1,0,0,0,0,0,0.0,0,0,0,0,0,0,0,1,0.0,16,16:08,1,1,0,0,
797,Chris Didomenico\didomch01,27,RW,OTT,3,0,0,0,0,6,-0.1,0,0,0,0,0,0,0,5,0.0,33,11:01,2,2,2,1,66.7
798,Andreas Englund\engluan01,21,D,OTT,5,0,0,0,-3,2,-0.2,0,0,0,0,0,0,0,3,0.0,53,10:38,0,18,0,0,
799,Emerson Etem\etemem01,24,LW,ANA,3,0,0,0,1,2,0.0,0,0,0,0,0,0,0,0,,26,8:48,0,4,0,1,0.0
800,Bobby Farnham\farnhbo01,28,RW,MTL,3,0,0,0,0,17,0.0,0,0,0,0,0,0,0,4,0.0,25,8:16,2,8,1,0,100.0
801,Jakob Forsbacka Karlsson\forsbja01,20,C,BOS,1,0,0,0,0,0,0.0,0,0,0,0,0,0,0,0,,8,8:25,0,0,1,1,50.0
802,Martin Frk\frkma01,23,RW,CAR,2,0,0,0,-3,0,-0.2,0,0,0,0,0,0,0,1,0.0,17,8:20,1,3,0,0,
803,Byron Froese\froesby01,25,C,TOT,6,0,0,0,-3,5,-0.2,0,0,0,0,0,0,0,6,0.0,63,10:33,4,3,26,30,46.4
804,Luke Gazdic\gazdilu01,27,LW,NJD,11,0,0,0,-2,12,-0.2,0,0,0,0,0,0,0,3,0.0,78,7:08,6,16,0,0,
805,Petter Granberg\granbpe01,24,D,NSH,10,0,0,0,0,10,0.1,0,0,0,0,0,0,0,4,0.0,96,9:38,9,17,0,0,
806,Alexandre Grenier\grenial01,25,RW,VAN,3,0,0,0,-1,0,-0.1,0,0,0,0,0,0,0,1,0.0,19,6:29,0,3,2,0,100.0
807,Nicklas Grossmann\grossni01,32,D,CGY,3,0,0,0,-4,2,-0.3,0,0,0,0,0,0,0,3,0.0,39,13:01,1,7,0,0,
808,Matthew Grzelcyk\grzelma01,23,D,BOS,2,0,0,0,0,2,0.0,0,0,0,0,0,0,0,4,0.0,25,12:29,1,0,0,0,
809,Brendan Guhle\guhlebr01,19,D,BUF,3,0,0,0,1,0,0.1,0,0,0,0,0,0,0,4,0.0,49,16:21,8,3,0,0,
810,Denis Gurianov\guriade01,19,RW,DAL,1,0,0,0,-1,0,-0.1,0,0,0,0,0,0,0,0,,13,13:06,3,1,0,0,
811,Robert Hagg\haggro01,21,D,PHI,1,0,0,0,0,0,0.0,0,0,0,0,0,0,0,5,0.0,21,21:19,3,4,0,0,
812,Joel Hanley\hanlejo01,25,D,MTL,7,0,0,0,-3,4,-0.2,0,0,0,0,0,0,0,5,0.0,71,10:09,4,8,0,0,
813,Ben Harpur\harpube01,22,D,OTT,6,0,0,0,-1,0,0.0,0,0,0,0,0,0,0,3,0.0,107,17:48,3,5,0,0,
814,Tim Heed\heedti01,26,D,SJS,1,0,0,0,0,0,0.0,0,0,0,0,0,0,0,1,0.0,16,16:29,2,0,0,0,
815,Danton Heinen\heineda01,21,C,BOS,8,0,0,0,-3,2,-0.3,0,0,0,0,0,0,0,7,0.0,106,13:14,2,6,0,0,
816,Quinton Howden\howdequ01,25,C,WPG,5,0,0,0,1,0,0.0,0,0,0,0,0,0,0,5,0.0,43,8:39,0,4,0,2,0.0
817,Mark Jankowski\jankoma01,22,C,CGY,1,0,0,0,0,0,0.0,0,0,0,0,0,0,0,0,,10,10:18,0,1,5,3,62.5
818,Nicklas Jensen\jenseni01,23,RW,NYR,7,0,0,0,-2,0,-0.2,0,0,0,0,0,0,0,8,0.0,65,9:13,2,7,0,0,
819,Ryan Johnston\johnsry02,24,D,MTL,7,0,0,0,-3,4,-0.2,0,0,0,0,0,0,0,3,0.0,69,9:52,2,1,0,0,
820,Connor Jones\jonesco01,26,C,NYI,4,0,0,0,1,2,0.0,0,0,0,0,0,0,0,2,0.0,47,11:51,3,13,8,5,61.5
821,Vladislav Kamenev\kamenvl01,20,LW,NSH,2,0,0,0,-1,2,-0.1,0,0,0,0,0,0,0,1,0.0,20,10:04,1,1,6,7,46.2
822,Michael Kapla\kaplami01,22,D,NJD,5,0,0,0,-1,0,0.0,0,0,0,0,0,0,0,4,0.0,87,17:26,5,5,0,0,
823,Bracken Kearns\kearnbr01,35,C,NYI,2,0,0,0,-1,2,-0.1,0,0,0,0,0,0,0,3,0.0,22,11:12,2,5,10,7,58.8
824,Nicolas Kerdiles\kerdini01,23,LW,ANA,1,0,0,0,1,0,0.0,0,0,0,0,0,0,0,0,,11,11:08,2,0,1,0,100.0
825,Kalle Kossila\kossika01,23,LW,ANA,1,0,0,0,0,0,0.0,0,0,0,0,0,0,0,1,0.0,7,6:54,0,1,3,4,42.9
826,Joseph Labate\labatjo01,23,C,VAN,13,0,0,0,-2,21,-0.2,0,0,0,0,0,0,0,5,0.0,88,6:46,2,23,1,0,100.0
827,Jacob Larsson\larssja01,19,D,ANA,4,0,0,0,-1,2,0.0,0,0,0,0,0,0,0,2,0.0,66,16:26,1,1,0,0,
828,Brian Lashoff\lashobr01,26,D,DET,5,0,0,0,-3,0,-0.2,0,0,0,0,0,0,0,1,0.0,63,12:31,4,8,0,0,
829,Scott Laughton\laughsc01,22,C,PHI,2,0,0,0,0,0,0.0,0,0,0,0,0,0,0,4,0.0,20,10:15,0,3,11,9,55.0
830,Brett Lernout\lernobr01,21,D,MTL,2,0,0,0,-1,0,0.0,0,0,0,0,0,0,0,3,0.0,38,19:00,3,8,0,0,
831,Mike Liambas\liambmi01,27,LW,NSH,1,0,0,0,-1,0,-0.1,0,0,0,0,0,0,0,0,,5,4:42,0,1,0,0,
832,Petteri Lindbohm\lindbpe02,23,D,STL,7,0,0,0,-4,4,-0.2,0,0,0,0,0,0,0,10,0.0,91,12:59,5,10,0,0,
833,Anton Lindholm\lindhan01,22,D,COL,12,0,0,0,-8,2,-0.4,0,0,0,0,0,0,0,7,0.0,177,14:45,12,38,0,0,
834,Clarke MacArthur\macarcl01,31,LW,OTT,4,0,0,0,-1,0,-0.1,0,0,0,0,0,0,0,5,0.0,54,13:29,1,4,0,1,0.0
835,Sean Malone\malonse01,21,C,BUF,1,0,0,0,0,0,0.0,0,0,0,0,0,0,0,1,0.0,12,12:12,1,0,5,3,62.5
836,Jamie McBain\mcbaija02,28,D,ARI,3,0,0,0,-1,0,0.0,0,0,0,0,0,0,0,3,0.0,50,16:40,4,0,0,0,
837,Max McCormick\mccorma01,24,RW,OTT,7,0,0,0,-3,0,-0.2,0,0,0,0,0,0,0,7,0.0,47,6:46,1,13,15,9,62.5
838,Evan McEneny\mceneev01,22,D,VAN,1,0,0,0,-1,0,-0.1,0,0,0,0,0,0,0,1,0.0,15,15:08,0,0,0,0,
839,Mark McNeill\mcneima01,23,RW,DAL,1,0,0,0,-1,0,-0.1,0,0,0,0,0,0,0,1,0.0,14,13:49,1,0,0,2,0.0
840,Jaycob Megna\megnaja02,24,D,ANA,1,0,0,0,1,0,0.1,0,0,0,0,0,0,0,0,,15,15:20,0,0,0,0,
841,Zbynek Michalek\michazb01,34,D,ARI,3,0,0,0,1,0,0.1,0,0,0,0,0,0,0,3,0.0,53,17:40,5,7,0,0,
842,Sonny Milano\milanso01,20,LW,CBJ,4,0,0,0,-3,0,-0.2,0,0,0,0,0,0,0,2,0.0,47,11:41,2,3,0,0,
843,Garrett Mitchell\mitchga01,25,RW,WSH,1,0,0,0,0,0,0.0,0,0,0,0,0,0,0,0,,9,8:48,0,2,0,1,0.0
844,Zack Mitchell\mitchza01,24,RW,MIN,11,0,0,0,-1,0,-0.2,0,0,0,0,0,0,0,10,0.0,93,8:26,3,14,11,8,57.9
845,Griffen Molino\molingr01,23,C,VAN,5,0,0,0,-2,0,-0.2,0,0,0,0,0,0,0,3,0.0,53,10:35,1,1,0,0,
846,Samuel Morin\morinsa01,21,D,PHI,1,0,0,0,0,0,0.0,0,0,0,0,0,0,0,2,0.0,18,17:47,0,7,0,0,
847,Jakub Nakladal\naklaja01,29,D,CAR,3,0,0,0,-4,0,-0.3,0,0,0,0,0,0,0,3,0.0,44,14:30,4,2,0,0,
848,Casey Nelson\nelsoca01,24,D,BUF,11,0,0,0,-3,4,-0.1,0,0,0,0,0,0,0,10,0.0,139,12:36,5,15,0,0,
849,Aaron Ness\nessaa01,26,D,WSH,2,0,0,0,-1,0,-0.1,0,0,0,0,0,0,0,0,,26,12:50,2,2,0,0,
850,Cristoval Nieves\nievecr01,23,C,NYR,1,0,0,0,-1,0,-0.1,0,0,0,0,0,0,0,0,,12,11:44,1,0,3,7,30.0
851,Nelson Nogier\nogiene01,20,D,WPG,10,0,0,0,-1,5,-0.1,0,0,0,0,0,0,0,8,0.0,117,11:43,5,12,0,0,
852,Liam O'Brien\obrieli01,22,LW,WSH,1,0,0,0,0,0,0.0,0,0,0,0,0,0,0,0,,6,6:08,0,1,0,0,
853,Rob O'Gara\ogararo01,23,D,BOS,3,0,0,0,1,0,0.1,0,0,0,0,0,0,0,2,0.0,48,16:01,7,3,0,0,
854,Jordan Oesterle\oestejo01,24,D,EDM,2,0,0,0,-1,0,-0.1,0,0,0,0,0,0,0,2,0.0,35,17:17,3,2,0,0,
855,Adam Pardy\pardyad01,32,D,NSH,4,0,0,0,-1,6,-0.1,0,0,0,0,0,0,0,4,0.0,44,11:00,3,3,0,0,
856,Nick Paul\paulni01,21,LW,OTT,1,0,0,0,-2,0,-0.1,0,0,0,0,0,0,0,4,0.0,16,16:29,0,3,5,8,38.5
857,Kevin Porter\porteke01,30,C,PIT,2,0,0,0,-1,0,-0.1,0,0,0,0,0,0,0,0,,23,11:15,1,5,7,12,36.8
858,Andrew Poturalski\poturan01,23,C,CAR,2,0,0,0,-3,0,-0.2,0,0,0,0,0,0,0,1,0.0,25,12:16,1,1,12,12,50.0
859,Derrick Pouliot\poulide01,23,D,PIT,11,0,0,0,-4,4,-0.3,0,0,0,0,0,0,0,11,0.0,164,14:53,8,14,0,0,
860,Ryan Pulock\pulocry01,22,D,NYI,1,0,0,0,1,0,0.1,0,0,0,0,0,0,0,0,,4,3:57,1,1,0,0,
861,Mason Raymond\raymoma01,31,LW,ANA,4,0,0,0,-2,0,-0.1,0,0,0,0,0,0,0,3,0.0,36,8:55,0,3,0,1,0.0
862,Borna Rendulic\rendubo01,24,RW,VAN,1,0,0,0,0,0,0.0,0,0,0,0,0,0,0,1,0.0,5,4:51,0,0,0,0,
863,Dan Renouf\renouda01,22,D,DET,1,0,0,0,0,0,0.0,0,0,0,0,0,0,0,1,0.0,14,13:35,0,3,0,0,
864,Tanner Richard\richata01,23,C,TBL,3,0,0,0,-2,2,-0.1,0,0,0,0,0,0,0,1,0.0,38,12:42,2,6,13,17,43.3
865,Buddy Robinson\robinbu01,25,RW,OTT,4,0,0,0,0,2,0.0,0,0,0,0,0,0,0,4,0.0,28,6:57,0,9,0,0,
866,Kevin Rooney\rooneke01,23,C,NJD,4,0,0,0,-3,4,-0.2,0,0,0,0,0,0,0,2,0.0,41,10:11,1,4,10,17,37.0
867,Jack Roslovic\rosloja01,20,C,WPG,1,0,0,0,-1,0,-0.1,0,0,0,0,0,0,0,1,0.0,8,8:24,1,0,1,5,16.7
868,Robbie Russo\russoro01,23,D,DET,19,0,0,0,2,2,0.5,0,0,0,0,0,0,0,18,0.0,305,16:04,13,24,0,0,
869,Miikka Salomaki\salommi01,23,RW,NSH,5,0,0,0,-1,2,-0.1,0,0,0,0,0,0,0,3,0.0,61,12:13,9,14,0,0,
870,Mikhail Sergachev\sergami01,18,D,MTL,4,0,0,0,1,0,0.1,0,0,0,0,0,0,0,2,0.0,49,12:08,3,10,0,0,
871,Duncan Siemens\siemedu01,23,D,COL,3,0,0,0,-2,2,-0.1,0,0,0,0,0,0,0,2,0.0,37,12:19,1,10,0,0,
872,Dillon Simpson\simpsdi01,,D,EDM,3,0,0,0,0,2,0.0,0,0,0,0,0,0,0,2,0.0,33,10:53,2,3,0,0,
873,Trevor Smith\smithtr01,31,C,NSH,1,0,0,0,0,0,0.0,0,0,0,0,0,0,0,0,,7,7:20,2,0,0,8,0.0
874,Blake Speers\speerbl01,20,C,NJD,3,0,0,0,0,0,0.0,0,0,0,0,0,0,0,3,0.0,28,9:29,1,1,0,2,0.0
875,Chandler Stephenson\stephch02,22,C,WSH,4,0,0,0,0,0,-0.1,0,0,0,0,0,0,0,3,0.0,36,8:53,0,0,12,13,48.0
876,Oskar Sundqvist\sundqos01,22,C,PIT,10,0,0,0,-4,2,-0.4,0,0,0,0,0,0,0,9,0.0,92,9:10,2,13,16,28,36.4
877,Evgeny Svechnikov\svechev01,20,RW,DET,2,0,0,0,0,0,0.0,0,0,0,0,0,0,0,4,0.0,26,13:09,1,2,0,0,
878,Ben Thomson\thomsbe01,24,LW,NJD,3,0,0,0,-4,4,-0.2,0,0,0,0,0,0,0,7,0.0,33,10:53,1,7,0,1,0.0
879,Corey Tropp\troppco01,27,RW,ANA,1,0,0,0,-1,0,-0.1,0,0,0,0,0,0,0,0,,9,9:28,0,2,0,0,
880,Alex Tuch\tuchal01,20,RW,MIN,6,0,0,0,-3,0,-0.3,0,0,0,0,0,0,0,8,0.0,64,10:42,7,5,0,0,
881,T.J. Tynan\tynant.01,24,RW,CBJ,3,0,0,0,-1,0,-0.1,0,0,0,0,0,0,0,3,0.0,22,7:29,1,1,0,0,
882,Phil Varone\varonph01,26,C,OTT,7,0,0,0,-3,2,-0.2,0,0,0,0,0,0,0,1,0.0,56,7:59,1,3,15,12,55.6
883,Mike Vecchione\vecchmi01,23,RW,PHI,2,0,0,0,-1,0,-0.1,0,0,0,0,0,0,0,1,0.0,17,8:30,1,1,8,4,66.7
884,Linden Vey\veyli01,25,RW,CGY,4,0,0,0,-2,0,-0.2,0,0,0,0,0,0,0,1,0.0,44,11:01,0,1,9,15,37.5
885,MacKenzie Weegar\weegama01,23,D,FLA,3,0,0,0,0,4,0.1,0,0,0,0,0,0,0,3,0.0,52,17:27,1,4,0,0,
886,Colin White\whiteco02,20,C,OTT,2,0,0,0,0,0,0.0,0,0,0,0,0,0,0,1,0.0,27,13:43,1,0,7,14,33.3
887,Tyler Wotherspoon\wothety01,23,D,CGY,4,0,0,0,-2,0,-0.1,0,0,0,0,0,0,0,4,0.0,44,10:54,2,3,0,0,
888,Michael Zalewski\zalewmi01,24,LW,VAN,1,0,0,0,-1,0,-0.1,0,0,0,0,0,0,0,0,,8,8:03,1,0,0,0,
